Stock Name,Symbol
ABAN OFFSHORE LTD.,ABAN-EQ
AMARA RAJA ENERGY MOB LTD,ARE&M-EQ
EMAMI PAPER MILLS LIMITED,EMAMIPAP-EQ
FACT LTD,FACT-EQ
GODREJ CONSUMER PRODUCTS,GODREJCP-EQ
SCHAEFFLER INDIA LIMITED,SCHAEFFLER-EQ
ORICON ENTERPRISES LTD,ORICONENT-EQ
BALKRISHNA PAPER MILLS L,BALKRISHNA-EQ
ADANI ENERGY SOLUTION LTD,ADANIENSOL-EQ
MANORAMA INDUSTRIES LTD,MANORAMA-EQ
FEDERAL BANK LTD,FEDERALBNK-EQ
CONFIDENCE PETRO IND LTD.,CONFIPET-EQ
SYNGENE INTERNATIONAL LTD,SYNGENE-EQ
AYM SYNTEX LIMITED,AYMSYNTEX-EQ
PRAKASH PIPES LIMITED,PPL-EQ
AARON INDUSTRIES LIMITED,AARON-EQ
RAMA STEEL TUBES LIMITED,RAMASTEEL-EQ
AURUM PROPTECH LIMITED,AURUM-EQ
RADHIKA JEWELTECH LIMITED,RADHIKAJWE-EQ
DIGICONTENT LIMITED,DGCONTENT-EQ
CSL FINANCE LIMITED,CSLFINANCE-EQ
FINOLEX CABLES LTD,FINCABLES-EQ
JAIN IRRIGATION SYSTEMS,JISLJALEQS-EQ
SHARE IND. SECURITIES LTD,SHAREINDIA-EQ
STEEL CITY SECURITIES LTD,STEELCITY-EQ
KSHITIJ POLYLINE LIMITED,KSHITIJPOL-EQ
FINOLEX INDUSTRIES LTD,FINPIPE-EQ
MUTHOOT CAP SERV LTD,MUTHOOTCAP-EQ
DYNAMIC CABLES LIMITED,DYCL-EQ
LUPIN LIMITED,LUPIN-EQ
UNITED SPIRITS LIMITED,UNITDSPR-EQ
SATIN CREDIT NET LTD,SATIN-EQ
ARVIND SMARTSPACES LTD,ARVSMART-EQ
POWER MECH PROJECTS LTD.,POWERMECH-EQ
RAM RATNA WIRES LIMITED,RAMRAT-EQ
UFLEX LIMITED,UFLEX-EQ
SHARDA MOTOR INDS LTD,SHARDAMOTR-EQ
NAVKAR CORPORATION LTD.,NAVKARCORP-EQ
RAMA PHOSPHATES LIMITED,RAMAPHO-EQ
KRBL LIMITED,KRBL-EQ
MPS LIMITED,MPSLTD-EQ
MARKSANS PHARMA LIMITED,MARKSANS-EQ
TRANSPORT CORPN OF INDIA,TCI-EQ
SHRE PUSH CHEM & FERT LTD,SHREEPUSHK-EQ
LOYAL TEXTILE MILLS LTD,LOYALTEX-EQ
GUJARAT GAS LIMITED,GUJGASLTD-EQ
BHARTI AIRTEL LIMITED,BHARTIARTL-EQ
SADBHAV INFRA PROJ LTD.,SADBHIN-EQ
AUTOMOTIVE STAMPINGS & AS,ASAL-EQ
OLECTRA GREENTECH LIMITED,OLECTRA-EQ
PONNIE SUGARS (ERODE) LTD,PONNIERODE-EQ
PUNJAB NATIONAL BANK,PNB-EQ
SURANA TELECOM AND POW LT,SURANAT&P-EQ
TIMES GUARANTY LIMITED,TIMESGTY-EQ
INDIAMART INTERMESH LTD,INDIAMART-EQ
FOSECO INDIA LTD,FOSECOIND-EQ
SPORTKING INDIA LIMITED,SPORTKING-EQ
ORACLE FIN SERV SOFT LTD.,OFSS-EQ
UNION BANK OF INDIA,UNIONBANK-EQ
ZENSAR TECHNOLOGIES  LTD,ZENSARTECH-EQ
ORIENTAL AROMATICS LTD,OAL-EQ
NUCLEUS SOFTWARE EXPORTS,NUCLEUS-EQ
SYRMA SGS TECHNOLOGY LTD,SYRMA-EQ
CANARA BANK,CANBK-EQ
GABRIEL INDIA LTD,GABRIEL-EQ
DREAMFOLKS SERVICES LTD,DREAMFOLKS-EQ
GVP INFOTECH LIMITED,GVPTECH-EQ
GRM OVERSEAS LIMITED,GRMOVER-EQ
GENESYS INTL CORPN LTD,GENESYS-EQ
OMAX AUTOS LTD,OMAXAUTO-EQ
GODREJ INDUSTRIES LTD,GODREJIND-EQ
RADAAN MEDIAWORKS (I) LTD,RADAAN-EQ
DIVI S LABORATORIES LTD,DIVISLAB-EQ
TAMILNAD MERCA BANK LTD,TMB-EQ
THE STATE TRADING CORPN,STCINDIA-EQ
RADICO KHAITAN LTD,RADICO-EQ
MARUTI SUZUKI INDIA LTD.,MARUTI-EQ
GARWARE TECH FIBRES LTD,GARFIBRES-EQ
INFOBEANS TECHNO. LTD.,INFOBEAN-EQ
SANGINITA CHEMICALS LTD,SANGINITA-EQ
DCM NOUVELLE LIMITED,DCMNVL-EQ
SATIA INDUSTRIES LIMITED,SATIA-EQ
SIRCA PAINT INDIA LIMITED,SIRCA-EQ
KSOLVES INDIA LIMITED,KSOLVES-EQ
NATH BIO-GENES (I) LTD,NATHBIOGEN-EQ
AGRI-TECH (INDIA) LIMITED,AGRITECH-EQ
LIBAS CONSU PRODUCTS LTD,LIBAS-EQ
SUMIT WOODS LIMITED,SUMIT-EQ
SHRENIK LIMITED,SHRENIK-EQ
CREATIVE NEWTECH LIMITED,CREATIVE-EQ
HARSHA ENGINEERS INT LTD,HARSHA-EQ
COFFEE DAY ENTERPRISE LTD,COFFEEDAY-EQ
IDFC FIRST BANK LIMITED,IDFCFIRSTB-EQ
INTERGLOBE AVIATION LTD,INDIGO-EQ
S H KELKAR AND CO. LTD.,SHK-EQ
VARDHAMAN ACRYLICS LTD,VARDHACRLC-EQ
UCO BANK,UCOBANK-EQ
B.A.G FILMS AND MEDIA LTD,BAGFILMS-EQ
JINDAL STAINLESS LIMITED,JSL-EQ
NALWA SONS INVESTMENT LTD,NSIL-EQ
WELSPUN LIVING LIMITED,WELSPUNLIV-EQ
JAI BALAJI INDUSTRIES LTD,JAIBALAJI-EQ
INDRAPRASTHA GAS LTD,IGL-EQ
GHCL LIMITED,GHCL-EQ
DREDGING CORP OF INDIA,DREDGECORP-EQ
TV TODAY NETWORK LTD,TVTODAY-EQ
UPL LIMITED,UPL-EQ
UNIPHOS ENTERPRISES LTD,UNIENTER-EQ
STANDARD INDUSTRIES LTD.,SIL-EQ
LUX INDUSTRIES LIMITED,LUXIND-EQ
BALAXI PHARMA LTD,BALAXI-EQ
MUKAND LTD.,MUKANDLTD-EQ
APOLLO MICRO SYSTEMS LTD,APOLLO-EQ
AFFLE 3I LIMITED,AFFLE-EQ
PETRONET LNG LIMITED,PETRONET-EQ
PTC INDIA LIMITED,PTC-EQ
DHANLAXMI BANK LIMITED,DHANBANK-EQ
VAIBHAV GLOBAL LIMITED,VAIBHAVGBL-EQ
TTK HEALTHCARE LIMITED,TTKHLTCARE-EQ
BIOCON LIMITED.,BIOCON-EQ
TIPS FILMS LIMITED,TIPSFILMS-EQ
BANK OF MAHARASHTRA,MAHABANK-EQ
UMANG DAIRIES LIMITED,UMANGDAIRY-EQ
GIC HOUSING FINANCE LTD,GICHSGFIN-EQ
ZOTA HEALTH CARE LIMITED,ZOTA-EQ
SALZER ELECTRONICS LTD,SALZERELEC-EQ
POONAWALLA FINCORP LTD,POONAWALLA-EQ
XPRO INDIA LIMITED,XPROINDIA-EQ
RAMKRISHNA FORGINGS LTD,RKFORGE-EQ
DATAMATICS GLOBAL SER LTD,DATAMATICS-EQ
KRITI NUTRIENTS LIMITED,KRITINUT-EQ
SPANDANA SPHOORTY FIN LTD,SPANDANA-EQ
PILANI INV & IND COR LTD,PILANIINVS-EQ
GUJ IND POW CO. LTD,GIPCL-EQ
CCL PRODUCTS (I) LTD,CCL-EQ
EXCEL INDUSTRIES LTD,EXCELINDUS-EQ
KRIDHAN INFRA LIMITED,KRIDHANINF-EQ
LARSEN & TOUBRO LTD.,LT-EQ
APAR INDUSTRIES LTD.,APARINDS-EQ
AMBICA AGAR & AROMAINDLTD,AMBICAAGAR-EQ
CENTURY EXTRUSIONS LTD,CENTEXT-EQ
NIIT LIMITED,NIITLTD-EQ
GLAXOSMITHKLINE PHARMA LT,GLAXO-EQ
ELECTRONICS MART IND LTD,EMIL-EQ
ULTRATECH CEMENT LIMITED,ULTRACEMCO-EQ
TATA CONSULTANCY SERV LT,TCS-EQ
COFORGE LIMITED,COFORGE-EQ
TEXMACO INFRA & HOLDG LTD,TEXINFRA-EQ
DC INFOTECH AND COMUN LTD,DCI-EQ
PIRAMAL PHARMA LIMITED,PPLPHARMA-EQ
FORCE MOTORS LIMITED,FORCEMOT-EQ
WESTLIFE FOODWORLD LTD,WESTLIFE-EQ
GP PETROLEUMS LIMITED,GULFPETRO-EQ
TRACXN TECHNOLOGIES LTD,TRACXN-EQ
LINCOLN PHARMA LTD,LINCOLN-EQ
IND-SWIFT LIMITED,INDSWFTLTD-EQ
GUFIC BIOSCIENCES LTD.,GUFICBIO-EQ
ASTRA MICROWAVE LTD,ASTRAMICRO-EQ
GTL LTD,GTL-EQ
WELSPUN ENTERPRISES LTD.,WELENT-EQ
NARMADA AGROBASE LIMITED,NARMADA-EQ
NTPC LTD,NTPC-EQ
S.A.L. STEEL LTD.,SALSTEEL-EQ
NEWGEN SOFTWARE TECH LTD,NEWGEN-EQ
KOTHARI SUG & CHEM LTD.,KOTARISUG-EQ
DR. LAL PATH LABS LTD.,LALPATHLAB-EQ
JBM AUTO LIMITED,JBMA-EQ
DWARIKESH SUGAR IND LTD,DWARKESH-EQ
INDOCO REMEDIES LTD.,INDOCO-EQ
G M BREWERIES LTD,GMBREW-EQ
SUPRAJIT ENGINEERING LTD,SUPRAJIT-EQ
PATEL ENGINEERING LTD.,PATELENG-EQ
ALKEM LABORATORIES LTD.,ALKEM-EQ
XCHANGING SOLUTIONS LTD,XCHANGING-EQ
JSW STEEL LIMITED,JSWSTEEL-EQ
CONSO. FIN. & HOLD. LTD.,CONSOFINVT-EQ
GUJ NAR VAL FER & CHEM L,GNFC-EQ
JAIPRAKASH POWER VEN. LTD,JPPOWER-EQ
GOKALDAS EXPORTS LTD.,GOKEX-EQ
ACE INTEGRATED SOLU. LTD.,ACEINTEG-EQ
EVEREADY INDS. IND.  LTD.,EVEREADY-EQ
GOYAL ALUMINIUMS LIMITED,GOYALALUM-EQ
SAKSOFT LIMITED,SAKSOFT-EQ
HINDPRAKASH INDUSTRY LTD,HPIL-EQ
ALLDIGI TECH LIMITED,ALLDIGI-EQ
SUKHJIT STARCH & CHEM LTD,SUKHJITS-EQ
IIFL FINANCE LIMITED,IIFL-EQ
GODFREY PHILLIPS INDIA LT,GODFRYPHLP-EQ
SHOPPERS STOP LIMITED,SHOPERSTOP-EQ
MANGALAM DRUG & CHEM LTD,MANGALAM-EQ
WELSPUN CORP LIMITED,WELCORP-EQ
STEEL STRIPS WHEELS LTD.,SSWL-EQ
NARAYANA HRUDAYALAYA LTD.,NH-EQ
CYBER MEDIA (INDIA) LTD.,CYBERMEDIA-EQ
AMBER ENTERPRISES (I) LTD,AMBER-EQ
SURYALAKSHMI COT MIL LTD,SURYALAXMI-EQ
SHAH ALLOYS LIMITED,SHAHALLOYS-EQ
GLAND PHARMA LIMITED,GLAND-EQ
JK PAPER LIMITED,JKPAPER-EQ
PRIME SECURITIES LIMITED,PRIMESECU-EQ
63 MOONS TECHNOLOGIES LTD,63MOONS-EQ
GRANULES INDIA LIMITED,GRANULES-EQ
MAN INDUSTRIES (I) LTD.,MANINDS-EQ
VARDHMAN HOLDINGS LIMITED,VHL-EQ
DCX SYSTEMS LIMITED,DCXINDIA-EQ
GEOJIT FINANCIAL SER L,GEOJITFSL-EQ
FEDERAL-MOGUL GOETZE (IND,FMGOETZE-EQ
GENUS POWER INFRASTRU LTD,GENUSPOWER-EQ
YES BANK LIMITED,YESBANK-EQ
MSP STEEL & POWER LTD.,MSPL-EQ
NECTAR LIFESCIENCES LTD.,NECLIFE-EQ
FUSION FINANCE LIMITED,FUSION-EQ
MCLEOD RUSSEL INDIA LTD.,MCLEODRUSS-EQ
GLOBAL HEALTH LIMITED,MEDANTA-EQ
KANSAI NEROLAC PAINTS LTD,KANSAINER-EQ
SEMAC CONSULTANTS LIMITED,SEMAC-EQ
BIKAJI FOODS INTERN LTD,BIKAJI-EQ
GOLDIAM INTERNATIONAL LTD,GOLDIAM-EQ
RANE (MADRAS) LIMITED,RML-EQ
SASKEN TECHNOLOGIES LTD,SASKEN-EQ
INDO COUNT INDUSTRIES LTD,ICIL-EQ
FCS SOFTWARE SOLN. LTD.,FCSSOFT-EQ
FAZE THREE LIMITED,FAZE3Q-EQ
IND MOTOR PART & ACC LTD,IMPAL-EQ
SAT INDUSTRIES LIMITED,SATINDLTD-EQ
SUZLON ENERGY LIMITED,SUZLON-EQ
AURIONPRO SOLN LTD,AURIONPRO-EQ
ARCHEAN CHEMICAL IND LTD,ACI-EQ
SHREE RENUKA SUGARS LTD,RENUKA-EQ
FIVE-STAR BUS FIN LTD,FIVESTAR-EQ
BANNARI AM SPIN MILL LTD.,BASML-EQ
SHEETAL COOL PRODUCTS LTD,SCPL-EQ
KAYNES TECHNOLOGY IND LTD,KAYNES-EQ
DOLAT ALGOTECH LIMITED,DOLATALGO-EQ
B&B TRIPLEWALL CONT LTD,BBTCL-EQ
HINDUSTAN FOODS LIMITED,HNDFDS-EQ
KEYSTONE REALTORS LIMITED,RUSTOMJEE-EQ
GRASIM INDUSTRIES LTD,GRASIM-EQ
GREAVES COTTON LTD.,GREAVESCOT-EQ
ZIM LABORATORIES LIMITED,ZIMLAB-EQ
GUJ STATE FERT & CHEM LTD,GSFC-EQ
STRLNG & WIL REN ENE LTD,SWSOLAR-EQ
CASTROL INDIA LIMITED,CASTROLIND-EQ
AAA TECHNOLOGIES LIMITED,AAATECH-EQ
PRECISION CAMSHAFTS LTD.,PRECAM-EQ
OSIA HYPER RETAIL LIMITED,OSIAHYPER-EQ
GUJARAT ALKALIES & CHEM,GUJALKALI-EQ
MADHYA BHARAT AGRO P. LTD,MBAPL-EQ
AMBUJA CEMENTS LTD,AMBUJACEM-EQ
TEAMLEASE SERVICES LTD.,TEAMLEASE-EQ
DJ MEDIAPRINT & LOG LTD,DJML-EQ
ROUTE MOBILE LIMITED,ROUTE-EQ
KRISHANA PHOSCHEM LIMITED,KRISHANA-EQ
GFL LIMITED,GFLLIMITED-EQ
SARVESHWAR FOODS LIMITED,SARVESHWAR-EQ
TATAAML - NPBET,NPBET-EQ
ABB INDIA LIMITED,ABB-EQ
SAFARI IND (INDIA) LTD,SAFARI-EQ
UNIPARTS INDIA LIMITED,UNIPARTS-EQ
360 ONE WAM LIMITED,360ONE-EQ
IIFL CAPITAL SERVICES LTD,IIFLCAPS-EQ
TRIVENI ENGG. & INDS. LTD,TRIVENI-EQ
AIA ENGINEERING LIMITED,AIAENG-EQ
EVEREST KANTO CYLINDERLTD,EKC-EQ
VIMTA LABS LIMITED,VIMTALABS-EQ
NAHAR INDS ENT LTD,NAHARINDUS-EQ
ORIENT CERATECH LIMITED,ORIENTCER-EQ
QUICK HEAL TECH LTD,QUICKHEAL-EQ
REPRO INDIA LIMITED,REPRO-EQ
HARRISON MALAYALAM LTD,HARRMALAYA-EQ
PVR INOX LIMITED,PVRINOX-EQ
GALAXY SURFACTANTS LTD,GALAXYSURF-EQ
CELEBRITY FASHIONS LTD,CELEBRITY-EQ
NITIN SPINNERS LIMITED,NITINSPIN-EQ
ROYAL ORCHID HOTELS LTD,ROHLTD-EQ
ENTERTAIN NET. IND. LTD.,ENIL-EQ
GUJARAT STATE PETRO LTD,GSPL-EQ
JAGRAN PRAKASHAN LIMITED,JAGRAN-EQ
SULA VINEYARDS LIMITED,SULA-EQ
KEC INTL. LIMITED,KEC-EQ
JK CEMENT LIMITED,JKCEMENT-EQ
INDO TECH TRANSFORM LTD.,INDOTECH-EQ
LANDMARK CARS LIMITED,LANDMARK-EQ
M&M FIN. SERVICES LTD,M&MFIN-EQ
ABANS FINANCIAL SRVCS LTD,AFSL-EQ
B.L.KASHYAP & SON LTD,BLKASHYAP-EQ
NITCO LIMITED,NITCO-EQ
INDIABULLS ENT LTD,IEL-EQ
CENTURY PLYBOARDS (I) LTD,CENTURYPLY-EQ
KEI INDUSTRIES LTD.,KEI-EQ
HDFC BANK LTD,HDFCBANK-EQ
SOLAR INDUSTRIES (I) LTD,SOLARINDS-EQ
GALLANTT ISPAT LIMITED,GALLANTT-EQ
MALU PAPER MILLS LIMITED,MALUPAPER-EQ
KFIN TECHNOLOGIES LIMITED,KFINTECH-EQ
HEG LTD,HEG-EQ
STL GLOBAL LIMITED,SGL-EQ
UTTAM SUGAR MILLS LTD.,UTTAMSUGAR-EQ
SOM DIST & BREW LTD,SDBL-EQ
KEWAL KIRAN CLOTHING LTD,KKCL-EQ
BHAGERIA INDUSTRIES LTD,BHAGERIA-EQ
SUN TV NETWORK LIMITED,SUNTV-EQ
GODAWARI POW & ISP LTD,GPIL-EQ
R SYS INTERNATIONAL LTD,RSYSTEMS-EQ
KELLTON TECH SOL LTD,KELLTONTEC-EQ
BAL PHARMA LTD.,BALPHARMA-EQ
RATNAMANI MET & TUB LTD.,RATNAMANI-EQ
KAMDHENU LIMITED,KAMDHENU-EQ
PIONEER EMBROIDERIES LTD,PIONEEREMB-EQ
HERO MOTOCORP LIMITED,HEROMOTOCO-EQ
JK LAKSHMI CEMENT LTD,JKLAKSHMI-EQ
PRIME FOCUS LIMITED,PFOCUS-EQ
ALLCARGO LOGISTICS LTD,ALLCARGO-EQ
AKASH INFRA-PROJECTS LTD,AKASH-EQ
MUNJAL AUTO IND. LTD.,MUNJALAU-EQ
EMAMI LIMITED,EMAMILTD-EQ
NORTH EAST CARRY CORP LTD,NECCLTD-EQ
GMR AIRPORTS LIMITED,GMRAIRPORT-EQ
VIDHI SPCLTY F INGRDNTS L,VIDHIING-EQ
TECH MAHINDRA LIMITED,TECHM-EQ
GRINDWELL NORTON LIMITED,GRINDWELL-EQ
VOLTAMP TRANSFORMERS LTD,VOLTAMP-EQ
RADIANT CASH MGMT SER LTD,RADIANTCMS-EQ
ATLANTAA LIMITED,ATLANTAA-EQ
ACTION CONST EQUIP LTD,ACE-EQ
SELAN EXPLO. TECH LTD,SELAN-EQ
ANDHRA SUGARS LTD,ANDHRSUGAR-EQ
HIMATSINGKA SEIDE LTD,HIMATSEIDE-EQ
INDIAN RAIL TOUR CORP LTD,IRCTC-EQ
ANANT RAJ LIMITED,ANANTRAJ-EQ
HINDALCO  INDUSTRIES  LTD,HINDALCO-EQ
SKY GOLD AND DIAMONDS LTD,SKYGOLD-EQ
JM FINANCIAL LIMITED,JMFINANCIL-EQ
ELECON ENG. CO. LTD,ELECON-EQ
TALBROS AUTO. COMP. LTD,TALBROAUTO-EQ
ALICON CASTALLOY LIMITED,ALICON-EQ
GEECEE VENTURES LIMITED,GEECEE-EQ
ALLCARGO GATI LIMITED,ACLGATI-EQ
VISHWARAJ SUGAR IND LTD,VISHWARAJ-EQ
FIEM INDUSTRIES LIMITED,FIEMIND-EQ
HINDUSTAN COMPOSITES LTD.,HINDCOMPOS-EQ
JHS SVEND. LAB. LTD,JHS-EQ
DCB BANK LIMITED,DCBBANK-EQ
INSPIRISYS SOLUTIONS LTD,INSPIRISYS-EQ
GLOBAL VEC HELICORP LTD,GLOBALVECT-EQ
SHYAM TELECOM LIMITED,SHYAMTEL-EQ
GTL INFRA.LTD,GTLINFRA-EQ
GUJARAT FLUOROCHEM LTD,FLUOROCHEM-EQ
INFO EDGE (I) LTD,NAUKRI-EQ
MANOMAY TEX INDIA LTD,MANOMAY-EQ
SHIVAM AUTO.LTD,SHIVAMAUTO-EQ
BHARAT BIJLEE LTD,BBL-EQ
THE GE SHPG.LTD,GESHIP-EQ
TORRENT POWER LTD,TORNTPOWER-EQ
PARSVNATH DEVELOPER LTD,PARSVNATH-EQ
BAID FINSERV LIMITED,BAIDFIN-EQ
MANALI PETROCHEMICALS LT,MANALIPETC-EQ
GREENPANEL INDUSTRIES LTD,GREENPANEL-EQ
LT FOODS LIMITED,LTFOODS-EQ
RUCHIRA PAPERS LIMITED,RUCHIRA-EQ
SOBHA LIMITED,SOBHA-EQ
DONEAR IND. LIMITED,DONEAR-EQ
MM FORGINGS LTD,MMFL-EQ
AARTI PHARMALABS LIMITED,AARTIPHARM-EQ
KUANTUM PAPERS LIMITED,KUANTUM-EQ
JINDAL DRILLING IND. LTD,JINDRILL-EQ
BANCO PRODUCTS (I) LTD,BANCOINDIA-EQ
HIND RECTIFIER LIMITED,HIRECT-EQ
CREST VENTURES LIMITED,CREST-EQ
PLASTIBLENDS INDIA LTD,PLASTIBLEN-EQ
NATIONAL FERT. LTD,NFL-EQ
HINDUSTAN UNILEVER LTD.,HINDUNILVR-EQ
PRAJAY ENG. SYN. LTD.,PRAENG-EQ
PARAMOUNT COMM LTD,PARACABLES-EQ
HBL ENGINEERING LTD,HBLENGINE-EQ
TANLA PLATFORMS LIMITED,TANLA-EQ
JASH ENGINEERING LIMITED,JASH-EQ
ZEE MEDIA CORPORATION LTD,ZEEMEDIA-EQ
AVT NATURAL PRODUCTS LTD,AVTNPL-EQ
LUMAX AUTO TECH LTD,LUMAXTECH-EQ
VEEDOL CORPORATION LTD,VEEDOL-EQ
HINDUSTAN OIL EXPLORATION,HINDOILEXP-EQ
SANGHVI MOVERS LTD,SANGHVIMOV-EQ
HINDUSTAN PETROLEUM CORP,HINDPETRO-EQ
BARTRONICS INDIA LIMITED,ASMS-EQ
SAGAR CEMENTS LIMITED,SAGCEM-EQ
I G PETROCHEMICALS LTD,IGPL-EQ
SIYARAM SILK MILLS LTD,SIYSIL-EQ
PTL ENTERPRISES LTD,PTL-EQ
AUTOLINE INDUSTRIES LTD,AUTOIND-EQ
NETWORK18 MEDIA & INV LTD,NETWORK18-EQ
GANDHI SPL. TUBES LTD,GANDHITUBE-EQ
AGI GREENPAC LIMITED,AGI-EQ
PITTI ENGINEERING LIMITED,PITTIENG-EQ
GLOBAL EDUCATION LIMITED,GLOBAL-EQ
BODHI TREE MULTIMEDIA LTD,BTML-EQ
UNO MINDA LIMITED,UNOMINDA-EQ
NMDC STEEL LIMITED,NSLNISP-EQ
NINTEC SYSTEMS LIMITED,NINSYS-EQ
TIMKEN INDIA LTD.,TIMKEN-EQ
HUBTOWN LIMITED,HUBTOWN-EQ
TECHNOCRAFT IND LTD,TIIL-EQ
HINDUSTAN ZINC LIMITED,HINDZINC-EQ
TVS SRICHAKRA LIMITED,TVSSRICHAK-EQ
REDINGTON LIMITED,REDINGTON-EQ
PEARL GLOBAL IND LIMITED,PGIL-EQ
ORIENT BELL LIMITED,ORIENTBELL-EQ
SEQUENT SCIENTIFIC LTD.,SEQUENT-EQ
POWER FIN CORP LTD.,PFC-EQ
FIRSTSOURCE SOLU. LTD.,FSL-EQ
SHREEOSWAL S AND CHE LTD,OSWALSEEDS-EQ
INDIAN BANK,INDIANB-EQ
SMS PHARMACEUTICALS LTD.,SMSPHARMA-EQ
HIMADRI SPECIALITY CHEM L,HSCL-EQ
GANESH HOUSING CORP LTD,GANESHHOUC-EQ
APOLLO PIPES LIMITED,APOLLOPIPE-EQ
VODAFONE IDEA LIMITED,IDEA-EQ
PONDY OXIDES & CHEM LTD,POCL-EQ
AMD INDUSTRIES LIMITED,AMDIND-EQ
GODREJ AGROVET LIMITED,GODREJAGRO-EQ
PAGE INDUSTRIES LTD,PAGEIND-EQ
ASTRAL LIMITED,ASTRAL-EQ
SANOFI INDIA LIMITED,SANOFI-EQ
LA OPALA RG LIMITED,LAOPALA-EQ
JK TYRE & INDUSTRIES LTD,JKTYRE-EQ
NAHAR SPINNING MILLS LTD.,NAHARSPING-EQ
EMBASSY DEVELOPMENTS LTD,EMBDL-EQ
LEXUS GRANITO (INDIA) LTD,LEXUS-EQ
DIVGI TORQTRANSFER SYST L,DIVGIITTS-EQ
HLV LIMITED,HLVLTD-EQ
GOKUL AGRO RESOURCES LTD,GOKULAGRO-EQ
THEMIS MEDICARE LTD.,THEMISMED-EQ
NCL INDUSTRIES LIMITED,NCLIND-EQ
BALAJI AMINES LIMITED,BALAMINES-EQ
BANSWARA SYNTEX LIMITED,BANSWRAS-EQ
ICRA LIMITED,ICRA-EQ
BIRLANU LIMITED,BIRLANU-EQ
THE PHOENIX MILLS LTD,PHOENIXLTD-EQ
ARO GRANITE IND. LTD.,AROGRANITE-EQ
ZENITH STEEL PIP IND LTD,ZENITHSTL-EQ
BF UTILITIES LIMITED,BFUTILITIE-EQ
SREE RAYALSEEMA HHP LTD.,SRHHYPOLTD-EQ
FORTIS HEALTHCARE LTD,FORTIS-EQ
ALPHAGEO (INDIA) LIMITED,ALPHAGEO-EQ
GLOBAL SURFACES LIMITED,GSLSU-EQ
WEBSOL ENERGY SYSTEM LTD,WEBELSOLAR-EQ
TGB BANQUETS&HOTELS LTD,TGBHOTELS-EQ
ACCURACY SHIPPING LIMITED,ACCURACY-EQ
INSECTICIDES (I) LTD,INSECTICID-EQ
K M SUGAR MILLS LTD,KMSUGAR-EQ
AKZO NOBEL INDIA LIMITED,AKZOINDIA-EQ
NAVIN FLUORINE INT. LTD,NAVINFLUOR-EQ
GUJ. APOLLO IND. LTD.,GUJAPOLLO-EQ
GOA CARBON LIMITED,GOACARBON-EQ
NAGREEKA EXPORTS LTD.,NAGREEKEXP-EQ
TIME TECHNOPLAST LTD.,TIMETECHNO-EQ
HINDUJA GLOBAL SOLS. LTD.,HGS-EQ
DLF LIMITED,DLF-EQ
ADVANI HOT.& RES.(I) LTD,ADVANIHOTR-EQ
IDBI BANK LIMITED,IDBI-EQ
NELCAST LIMITED,NELCAST-EQ
V2 RETAIL LIMITED,V2RETAIL-EQ
TARMAT LIMITED,TARMAT-EQ
SUN PHARMA ADV.RES.CO.LTD,SPARC-EQ
RUDRABHISHEK ENTERP LTD,REPL-EQ
ALLIED DIGITAL SERV. LTD,ADSL-EQ
DECCAN CEMENTS LIMITED,DECCANCE-EQ
VIP CLOTHING LIMITED,VIPCLOTHNG-EQ
ALPA LABORATORIES LTD,ALPA-EQ
IFB INDUSTRIES LTD,IFBIND-EQ
OMAXE LIMITED,OMAXE-EQ
UDAYSHIVAKUMAR INFRA LTD,USK-EQ
ASIAN GRANITO IND. LTD.,ASIANTILES-EQ
CENTRAL BANK OF INDIA,CENTRALBK-EQ
SAHYADRI INDUSTRIES LTD,SAHYADRI-EQ
KDDL LIMITED,KDDL-EQ
IFCI LTD,IFCI-EQ
KPR MILL LTD.,KPRMILL-EQ
PURAVANKARA LIMITED,PURVA-EQ
CIE AUTOMOTIVE INDIA LTD,CIEINDIA-EQ
RESTAURANT BRAND ASIA LTD,RBA-EQ
NAGREEKA CAP & INFR.LTD,NAGREEKCAP-EQ
MOTILAL OSWAL FIN LTD,MOTILALOFS-EQ
INDOWIND ENERGY LTD,INDOWIND-EQ
MAGNUM VENTURES LTD.,MAGNUM-EQ
CSB BANK LIMITED,CSBBANK-EQ
SHIVA MILLS LIMITED,SHIVAMILLS-EQ
KAVERI SEED CO. LTD.,KSCL-EQ
POWER GRID CORP. LTD.,POWERGRID-EQ
CENTUM ELECTRONICS LTD,CENTUM-EQ
CONS. CONST. CONSORT LTD,CCCL-EQ
MANG.CHEM.FERT.LTD,MANGCHEFER-EQ
BAJAJ ELECT.LTD,BAJAJELEC-EQ
CERA SANITARYWARE LTD,CERA-EQ
DELTA CORP LIMITED,DELTACORP-EQ
AVALON TECHNOLOGIES LTD,AVALON-EQ
KOTAK PSU BANK,PSUBANK-EQ
BEML LAND ASSETS LIMITED,BLAL-EQ
RELIGARE ENTER. LTD.,RELIGARE-EQ
BARAK VALLEY CEM. LTD.,BVCL-EQ
ASTER DM HEALTHCARE LTD.,ASTERDM-EQ
ADANI PORT & SEZ LTD,ADANIPORTS-EQ
EDELWEISS FIN SERV LTD,EDELWEISS-EQ
THE INDIAN HOTELS CO. LTD,INDHOTEL-EQ
KOLTE PATIL DEV. LTD.,KOLTEPATIL-EQ
RENAISSANCE GLOBAL LTD,RGL-EQ
KAUSHALYA INFRA DEV LTD.,KAUSHALYA-EQ
COLGATE PALMOLIVE LTD.,COLPAL-EQ
JYOTHY LABS LIMITED,JYOTHYLAB-EQ
THE INDIA CEMENTS LIMITED,INDIACEM-EQ
MADHAV MARBLE & GRANITE,MADHAV-EQ
KALYANI FORGE LIMITED,KALYANIFRG-EQ
ROBUST HOTELS LIMITED,RHL-EQ
HITECH CORPORATION LTD,HITECHCORP-EQ
TRANS & RECTI. LTD,TARIL-EQ
ECLERX SERVICES LTD,ECLERX-EQ
KIRLOSKAR PNEUMATIC COM L,KIRLPNU-EQ
BRIGADE ENTER. LTD,BRIGADE-EQ
MANAKSIA LTD.,MANAKSIA-EQ
ARIES AGRO LTD.,ARIES-EQ
INDIA GLYCOLS LTD,INDIAGLYCO-EQ
DHUNSERI VENTURES LIMITED,DVL-EQ
PATEL INT. LOG. LTD,PATINTLOG-EQ
UJJIVAN SMALL FINANC BANK,UJJIVANSFB-EQ
AMBIKA COTTON MILL LTD.,AMBIKCO-EQ
ADITYA BIRLA MONEY LTD,BIRLAMONEY-EQ
CEAT LIMITED,CEATLTD-EQ
JKUMAR INFR.LTD.,JKIL-EQ
CORDS CABLE INDUS LTD.,CORDSCABLE-EQ
ONMOBILE GLOBAL LTD.,ONMOBILE-EQ
KNR CONSTRU LTD.,KNRCON-EQ
VIRINCHI LIMITED,VIRINCHI-EQ
INDIAN HUME PIPE CO. LTD.,INDIANHUME-EQ
BANG OVERSEAS LTD.,BANG-EQ
SEPC LIMITED,SEPC-EQ
IRB INFRA DEV LTD.,IRB-EQ
NMDC LTD.,NMDC-EQ
RAIN INDUSTRIES LIMITED,RAIN-EQ
SHALIM PAINTS LTD,SHALPAINTS-EQ
GSS INFOTECH LIMITED,GSS-EQ
REC LIMITED,RECLTD-EQ
NAHAR CAP & FIN.,NAHARCAP-EQ
V-GUARD IND LTD.,VGUARD-EQ
PUDUMJEE PAPER PRO. LTD,PDMJEPAPER-EQ
MANKIND PHARMA LIMITED,MANKIND-EQ
DHANI SERVICES LIMITED,DHANI-EQ
RACE ECO CHAIN LIMITED,RACE-EQ
EIH ASSOCIATED HOTELS LTD,EIHAHOTELS-EQ
APCOTEX INDUSTRIES LIMITE,APCOTEXIND-EQ
ATAM VALVES LIMITED,ATAM-EQ
NESCO LTD.,NESCO-EQ
TITAGARH RAIL SYSTEMS LTD,TITAGARH-EQ
DPSC LIMITED,DPSCLTD-EQ
ANDHRA CEMENTS LIMITED,ACL-EQ
RKEC PROJECTS LIMITED,RKEC-EQ
HEALTHCARE GLOB. ENT. LTD,HCG-EQ
AVG LOGISTICS LIMITED,AVG-EQ
ATAL REALTECH LIMITED,ATALREAL-EQ
RAVINDER HEIGHTS LIMITED,RVHL-EQ
APOLLO HOSPITALS ENTER. L,APOLLOHOSP-EQ
GMM PFAUDLER LIMITED,GMMPFAUDLR-EQ
GILLETTE INDIA LTD,GILLETTE-EQ
TARC LIMITED,TARC-EQ
HINDWARE HME INOVATON LTD,HINDWAREAP-EQ
MANGALAM GLOBAL ENT LTD,MGEL-EQ
INFOSYS LIMITED,INFY-EQ
INGERSOLL-RAND INDIA LTD,INGERRAND-EQ
PRINCE PIPES FITTINGS LTD,PRINCEPIPE-EQ
GODHA CABCON INSULAT LTD,GODHA-EQ
BHARAT WIRE ROPES LTD.,BHARATWIRE-EQ
FAIRCHEM ORGANICS LIMITED,FAIRCHEMOR-EQ
PAVNA INDUSTRIES LIMITED,PAVNAIND-EQ
TATA INVESTMENT CORP LTD,TATAINVEST-EQ
INDIAN OIL CORP LTD,IOC-EQ
INFIBEAM AVENUES LIMITED,INFIBEAM-EQ
LINDE INDIA LIMITED,LINDEINDIA-EQ
MRS BECTORS FOOD SPE LTD,BECTORFOOD-EQ
APOLLO TYRES LTD,APOLLOTYRE-EQ
ION EXCHANGE (INDIA) LTD,IONEXCHANG-EQ
IPCA LABORATORIES LTD,IPCALAB-EQ
MMP INDUSTRIES LIMITED,MMP-EQ
VAISHALI PHARMA LIMITED,VAISHALI-EQ
ANDHRA PAPER LIMITED,ANDHRAPAP-EQ
ITC LTD,ITC-EQ
SUNDROP BRANDS LIMITED,SUNDROP-EQ
KIRI INDUSTRIES LIMITED,KIRIINDUS-EQ
ANIK INDUSTRIES LTD,ANIKINDS-EQ
BAJAJ AUTO LIMITED,BAJAJ-AUTO-EQ
BAJAJ FINSERV LTD.,BAJAJFINSV-EQ
PTC INDUSTRIES LIMITED,PTCIL-EQ
DIGISPICE TECHNOLOGIES LT,DIGISPICE-EQ
GHCL TEXTILES LIMITED,GHCLTEXTIL-EQ
GOKUL REFOILS & SOLV LTD,GOKUL-EQ
UNITED BREWERIES LTD,UBL-EQ
ALMONDZ GLOBAL SEC LTD,ALMONDZ-EQ
H.G.INFRA ENGINEERING LTD,HGINFRA-EQ
RPG LIFE SCIENCES LTD,RPGLIFE-EQ
M K PROTEINS LIMITED,MKPL-EQ
ITI LTD,ITI-EQ
GE VERNOVA T&D INDIA LTD,GVT&D-EQ
ARCHIDPLY IND. LTD,ARCHIDPLY-EQ
LOTUS EYE HOSP & INST L,LOTUSEYE-EQ
IVP LTD,IVP-EQ
IKIO TECHNOLOGIES LIMITED,IKIO-EQ
KOKUYO CAMLIN LIMITED,KOKUYOCMLN-EQ
SINDHU TRADE LINKS LTD,SINDHUTRAD-EQ
LANDMARK PR.DEV.CO.LTD,LPDC-EQ
D P WIRES LIMITED,DPWIRES-EQ
TOUCHWOOD ENTERTAIN LTD.,TOUCHWOOD-EQ
ARTEMIS MED SERVICE LTD,ARTEMISMED-EQ
ZF COM VE CTR SYS IND LTD,ZFCVINDIA-EQ
20 MICRONS LTD,20MICRONS-EQ
JOCIL LIMITED,JOCIL-EQ
INDBANK MERCH BANK,INDBANK-EQ
ASHOKA METCAST LIMITED,ASHOKAMET-EQ
ALKALI METALS LTD,ALKALI-EQ
GACM TECHNOLOGIES LIMITED,GATECHDVR-EQ
MAWANA SUGARS LIMITED,MAWANASUG-EQ
PATANJALI FOODS LIMITED,PATANJALI-EQ
THYROCARE TECH LTD,THYROCARE-EQ
HMA AGRO INDUSTRIES LTD,HMAAGRO-EQ
JAY BHARAT MARUTI LTD,JAYBARMARU-EQ
CROMPT GREA CON ELEC LTD,CROMPTON-EQ
SUMITOMO CHEM INDIA LTD,SUMICHEM-EQ
PARAG MILK FOODS LTD.,PARAGMILK-EQ
IDEAFORGE TECHNO LTD,IDEAFORGE-EQ
AARTECH SOLONICS LIMITED,AARTECH-EQ
SHRIRAM PIST. & RING LTD,SHRIPISTON-EQ
CYIENT DLM LIMITED,CYIENTDLM-EQ
PAKKA LIMITED,PAKKA-EQ
JAYSHREE TEA & INDUSTRIES,JAYSREETEA-EQ
ALBERT DAVID LIMITED,ALBERTDAVD-EQ
J B CHEMICALS AND PHARMA,JBCHEPHARM-EQ
ARMAN FIN SERV LTD,ARMANFIN-EQ
ASPINWALL & CO LTD,ASPINWALL-EQ
SENCO GOLD LIMITED,SENCO-EQ
BLS INTL SERVS LTD,BLS-EQ
AJMERA REALTY & INF I LTD,AJMERA-EQ
LLOYDS METALS N ENERGY L,LLOYDSME-EQ
MAHINDRA HOLIDAYS LTD,MHRIL-EQ
SALONA COTSPIN LTD.,SALONA-EQ
GKW LIMITED,GKWLIMITED-EQ
UTKARSH SMALL FIN BANK L,UTKARSHBNK-EQ
VINATI ORGANICS LTD,VINATIORGA-EQ
EXCEL REALTY N INFRA LTD,EXCEL-EQ
ADANI POWER LTD,ADANIPOWER-EQ
PREMIER EXPLOSIVES LTD,PREMEXPLN-EQ
NHPC LTD,NHPC-EQ
GLOBUS SPIRITS LTD,GLOBUSSPR-EQ
NETWEB TECH INDIA LTD,NETWEB-EQ
OIL INDIA LTD,OIL-EQ
CONTROL PRINT LIMITED,CONTROLPR-EQ
EXPLEO SOLUTIONS LIMITED,EXPLEOSOL-EQ
RATTANINDIA POWER LIMITED,RTNPOWER-EQ
MAHANAGAR GAS LTD.,MGL-EQ
DAMODAR INDUSTRIES LTD,DAMODARIND-EQ
AMRUTAJAN HEALTH LTD,AMRUTANJAN-EQ
JINDAL POLY FILMS LIMITED,JINDALPOLY-EQ
ASSO ALCOHOLS & BREW LTD,ASALCBR-EQ
MAHINDRA EPC IRRIG LTD,MAHEPC-EQ
MOLD-TEK TECHNOLOGIES LTD,MOLDTECH-EQ
ZYDUS WELLNESS LIMITED,ZYDUSWELL-EQ
SUNTECK REALTY LIMITED,SUNTECK-EQ
POKARNA LIMITED,POKARNA-EQ
UNIVERSUS IMAGINGS LTD,UNIVPHOTO-EQ
ALOK INDUSTRIES LIMITED,ALOKINDS-EQ
GPT INFRAPROJECTS LTD,GPTINFRA-EQ
VIJI FINANCE LIMITED,VIJIFIN-EQ
QUESS CORP LIMITED,QUESS-EQ
DEN NETWORKS LTD,DEN-EQ
ASTEC LIFESCIENCES LTD,ASTEC-EQ
YATHARTH HOSP & TRA C S L,YATHARTH-EQ
NIIT LEARNING SYSTEMS LTD,NIITMTS-EQ
SARDA ENERGY & MIN LTD,SARDAEN-EQ
REFEX INDUSTRIES LIMITED,REFEX-EQ
ALLCARGO TERMINALS LTD,ATL-EQ
SOMI CONVEYOR BELT. LTD.,SOMICONVEY-EQ
TRANSINDIA REAL ESTATE L,TREL-EQ
LLOYDS ENGG WORK LIMITED,LLOYDSENGG-EQ
LTIMINDTREE LIMITED,LTIM-EQ
AHLUWALIA CONT IND LTD,AHLUCONT-EQ
GILLANDERS ARBUTHNOT LTD,GILLANDERS-EQ
D-LINK INDIA LTD,DLINKINDIA-EQ
REDTAPE LIMITED,REDTAPE-EQ
JSW ENERGY LIMITED,JSWENERGY-EQ
GODREJ PROPERTIES LTD,GODREJPROP-EQ
D.B.CORP LTD,DBCORP-EQ
ABBOTT INDIA LIMITED,ABBOTINDIA-EQ
GEEKAY WIRES LIMITED,GEEKAYWIRE-EQ
BAYER CROPSCIENCE LTD,BAYERCROP-EQ
BEARDSELL LIMITED,BEARDSELL-EQ
HINDUSTAN COPPER LTD,HINDCOPPER-EQ
COHANCE LIFESCIENCES LTD,COHANCE-EQ
NESTLE INDIA LIMITED,NESTLEIND-EQ
ANTONY WASTE HDG CELL LTD,AWHCL-EQ
SBI CARDS & PAY SER LTD,SBICARD-EQ
TRF LIMITED,TRF-EQ
UNITED NILGIRI TEA LTD,UNITEDTEA-EQ
WHIRLPOOL OF INDIA LTD,WHIRLPOOL-EQ
JYOTI STRUCTURES LTD,JYOTISTRUC-EQ
SBFC FINANCE LIMITED,SBFC-EQ
MBL INFRASTRUCTURE LTD,MBLINFRA-EQ
ADVANCED ENZYME TECH LTD,ADVENZYMES-EQ
MINDTECK (INDIA) LIMITED,MINDTECK-EQ
CONCORD BIOTECH LIMITED,CONCORDBIO-EQ
KAJARIA CERAMICS LTD,KAJARIACER-EQ
DILIP BUILDCON LIMITED,DBL-EQ
JUBILANT FOODWORKS LTD,JUBLFOOD-EQ
RAJDARSHAN INDUSTRIES LTD,ARENTERP-EQ
KAKATIYA CEM SUGAR &IND L,KAKATCEM-EQ
VASCON ENGINEERS LTD,VASCONEQ-EQ
THANGAMAYIL JEWELLERY LTD,THANGAMAYL-EQ
SRG HOUSING FINANCE L,SRGHFL-EQ
VALOR ESTATE LIMITED,DBREALTY-EQ
YASHO INDUSTRIES LIMITED,YASHO-EQ
DOLPHIN OFF ENT (IND) L,DOLPHIN-EQ
KALPATARU PROJECT INT LTD,KPIL-EQ
EMMBI INDUSTRIES LIMITED,EMMBI-EQ
JIO FIN SERVICES LTD,JIOFIN-EQ
TVS SUPPLY CHAIN SOL L,TVSSCS-EQ
HATHWAY CABLE & DATACOM,HATHWAY-EQ
ORIENT PRESS LIMITED,ORIENTLTD-EQ
TEXMO PIPE & PRODUCTS LTD,TEXMOPIPES-EQ
KIRLOSKAR ELECTRIC CO LTD,KECL-EQ
MAN INFRA LTD,MANINFRA-EQ
LORDS CHLORO ALKALI LTD,LORDSCHLO-EQ
PYRAMID TECHNOPLAST LTD,PYRAMID-EQ
S. P. APPARELS LIMITED,SPAL-EQ
KAMAT HOTELS (I) LTD,KAMATHOTEL-EQ
AEROFLEX INDUSTRIES LTD,AEROFLEX-EQ
LG BALAKRISHNAN & BROS,LGBBROSLTD-EQ
VISHNU PRAKASH R PUNGLI L,VPRPL-EQ
KANORIA CHEMICALS & INDUS,KANORICHEM-EQ
SANDUR MANG & IRON ORES L,SANDUMA-EQ
PERSISTENT SYSTEMS LTD,PERSISTENT-EQ
NAGA DHUNSERI GROUP LTD,NDGL-EQ
KARUR VYSYA BANK LTD,KARURVYSYA-EQ
RBL BANK LIMITED,RBLBANK-EQ
TCPL PACKAGING LIMITED,TCPLPACK-EQ
KCP LTD,KCP-EQ
RISHABH INSTRUMENTS LTD,RISHABH-EQ
RATNAVEER PRECISION ENG L,RATNAVEER-EQ
BIGBLOC CONSTRUCTION LTD,BIGBLOC-EQ
HITACHI ENERGY INDIA LTD,POWERINDIA-EQ
INTRASOFT TECH. LTD,ISFT-EQ
CUPID LIMITED,CUPID-EQ
DIAMOND POWER INFRA LTD,DIACABS-EQ
JUPITER LIFE LINE HOSP L,JLHL-EQ
MITTAL LIFE STYLE LIMITED,MITTAL-EQ
L&T TECHNOLOGY SER. LTD.,LTTS-EQ
R R KABEL LIMITED,RRKABEL-EQ
GNA AXLES LIMITED,GNA-EQ
KIRLOSKAR BROTHERS LTD,KIRLOSBROS-EQ
EMS LIMITED,EMSLIMITED-EQ
ZAGGLE PREPA OCEAN SER L,ZAGGLE-EQ
SAMHI HOTELS LIMITED,SAMHI-EQ
DIAMINES & CHEMICALS LTD,DIAMINESQ-EQ
ICICI PRU LIFE INS CO LTD,ICICIPRULI-EQ
MARATHON NXTGEN REALT LTD,MARATHON-EQ
HPL ELECTRIC & POWER LTD,HPL-EQ
NUVAMA WEALTH MANAGE LTD,NUVAMA-EQ
SIGNATUREGLOBAL INDIA LTD,SIGNATURE-EQ
SAI SILKS (KALAMANDIR) L,KALAMANDIR-EQ
YATRA ONLINE LIMITED,YATRA-EQ
CARYSIL LIMITED,CARYSIL-EQ
ENDURANCE TECHNO. LTD.,ENDURANCE-EQ
NIRAJ ISPAT IND LTD,NIRAJISPAT-EQ
MAZDA LIMITED,MAZDA-EQ
SJVN LTD,SJVN-EQ
KALYANI STEELS LIMITED,KSL-EQ
PNB HOUSING FIN LTD.,PNBHOUSING-EQ
VARUN BEVERAGES LIMITED,VBL-EQ
SUNDARAM MULTI PAP LTD,SUNDARAM-EQ
KINGFA SCI & TEC IND LTD.,KINGFA-EQ
RAJRATAN GLOBAL WIRE LTD,RAJRATAN-EQ
KAPSTON SERVICES LIMITED,KAPSTON-EQ
UNIVASTU INDIA LIMITED,UNIVASTU-EQ
STYRENIX PERFORMANCE LTD,STYRENIX-EQ
CUMMINS INDIA LTD,CUMMINSIND-EQ
MANOJ VAIBHAV GEM N JEW L,MVGJL-EQ
JSW INFRASTRUCTURE LTD,JSWINFRA-EQ
KIRLOSKAR INDUSTRIES LTD,KIRLOSIND-EQ
PODDAR PIGMENTS LIMITED,PODDARMENT-EQ
MANAPPURAM FINANCE LTD,MANAPPURAM-EQ
AARVI ENCON LIMITED,AARVI-EQ
SILLY MONKS ENTERTAIN LTD,SILLYMONKS-EQ
N.B.I. IND. FIN. CO. LTD,NBIFIN-EQ
UPDATER SERVICES LIMITED,UDS-EQ
KIOCL LIMITED,KIOCL-EQ
USHA MARTIN EDU & SOL LTD,UMESLTD-EQ
SHEELA FOAM LIMITED,SFL-EQ
KOPRAN LTD,KOPRAN-EQ
TILAKNAGAR INDUSTRIES LTD,TI-EQ
HEADS UP VENTURES LIMITED,HEADSUP-EQ
HINDUSTAN MEDIA VENT LTD,HMVL-EQ
VALIANT LABORATORIES LTD,VALIANTLAB-EQ
KOTAK MAHINDRA BANK LTD,KOTAKBANK-EQ
TCI EXPRESS LIMITED,TCIEXP-EQ
WEALTH FRST PORT. MG. LTD,WEALTH-EQ
LAURUS LABS LIMITED,LAURUSLABS-EQ
INDIAN METALS & FERRO,IMFA-EQ
BLISS GVS PHARMA LTD,BLISSGVS-EQ
THEJO ENGINEERING LIMITED,THEJO-EQ
INDIA TOUR. DEV. CO. LTD.,ITDC-EQ
ARVIND LIMITED,ARVIND-EQ
HISAR METAL IND. LIMITED,HISARMETAL-EQ
BOROSIL LIMITED,BOROLTD-EQ
ROSSARI BIOTECH LIMITED,ROSSARI-EQ
ASIAN HOTELS (EAST) LTD,AHLEAST-EQ
PLAZA WIRES LIMITED,PLAZACABLE-EQ
KSB LIMITED,KSB-EQ
BAJAJ CONSUMER CARE LTD,BAJAJCON-EQ
BHANDARI HOSIERY EXP LTD,BHANDARI-EQ
THE UGAR SUGAR WORKS LTD,UGARSUGAR-EQ
BSE LIMITED,BSE-EQ
IRM ENERGY LIMITED,IRMENERGY-EQ
PRAKASH STEELAGE LTD,PRAKASHSTL-EQ
PRICOL LIMITED,PRICOLLTD-EQ
TRENT LTD,TRENT-EQ
MAX ESTATES LIMITED,MAXESTATES-EQ
BLUE JET HEALTHCARE LTD,BLUEJET-EQ
GUJARAT PIPAVAV PORT LTD,GPPL-EQ
ADF FOODS LIMITED,ADFFOODS-EQ
MUFIN GREEN FINANCE LTD,MUFIN-EQ
LMW LIMITED,LMW-EQ
CELLO WORLD LIMITED,CELLO-EQ
HONASA CONSUMER LIMITED,HONASA-EQ
AMINES & PLASTICIZERS LTD,AMNPLST-EQ
LAXMI GOLDORNA HOUSE LTD,LGHL-EQ
MUSIC BROADCAST LIMITED,RADIOCITY-EQ
ESAF SMALL FINANCE BANK L,ESAFSFB-EQ
MAS FINANCIAL SERV LTD,MASFIN-EQ
AVENUE SUPERMARTS LIMITED,DMART-EQ
ORISSA MIN DEV CO LTD,ORISSAMINE-EQ
DEEPAK NITRITE LTD,DEEPAKNTR-EQ
LIC HOUSING FINANCE LTD,LICHSGFIN-EQ
AHLADA ENGINEERS LIMITED,AHLADA-EQ
SASTASUNDAR VENTURES LTD,SASTASUNDR-EQ
INTENSE TECHNOLOGIES LTD,INTENTECH-EQ
CP CAPITAL LIMITED,CPCAP-EQ
TASTY BITE EATABLES LTD,TASTYBITE-EQ
UNITED DRILLING TOOLS LTD,UNIDT-EQ
ORIENT GREEN POWER CO LTD,GREENPOWER-EQ
RAMKY INFRA LTD,RAMKY-EQ
ASK AUTOMOTIVE LIMITED,ASKAUTOLTD-EQ
ARIHANT SUPERSTRUCT LTD,ARIHANTSUP-EQ
CANTABIL RETAIL LTD,CANTABIL-EQ
AKSHARCHEM INDIA LIMITED,AKSHARCHEM-EQ
LUMAX INDUSTRIES LTD,LUMAXIND-EQ
ASHOKA BUILDCON LTD,ASHOKA-EQ
VA TECH WABAG LTD,WABAG-EQ
BEDMUTHA INDUST LTD,BEDMUTHA-EQ
URJA GLOBAL LIMITED,URJA-EQ
CL EDUCATE LIMITED,CLEDUCATE-EQ
JUPITER WAGONS LIMITED,JWL-EQ
OBEROI REALTY LIMITED,OBEROIRLTY-EQ
INDIAN RENEWABLE ENERGY,IREDA-EQ
LYKA LABS LTD,LYKALABS-EQ
INDIAN RAILWAY FIN CORP L,IRFC-EQ
TATA TECHNOLOGIES LIMITED,TATATECH-EQ
SHAH METACORP LIMITED,SHAH-EQ
ASHAPURA MINECHEM LTD,ASHAPURMIN-EQ
PRESTIGE ESTATE LTD,PRESTIGE-EQ
GANDHAR OIL REFINE IND L,GANDHAR-EQ
MAHINDRA & MAHINDRA LTD,M&M-EQ
N R AGARWAL INDS LTD,NRAIL-EQ
SHANKARA BLDG PRODUCT LTD,SHANKARA-EQ
FEDBANK FINANCIAL SER L,FEDFINA-EQ
RESPONSIVE INDUSTRIES LTD,RESPONIND-EQ
CAPRI GLOBAL CAPITAL LTD,CGCL-EQ
FLAIR WRITING INDUST LTD,FLAIR-EQ
COAL INDIA LTD,COALINDIA-EQ
IOL CHEM AND PHARMA LTD,IOLCP-EQ
ANJANI PORTLAND CEM LTD,APCL-EQ
INDIGO PAINTS LIMITED,INDIGOPNTS-EQ
THE WESTERN INDIA PLY LTD,WIPL-EQ
CHENNAI PETROLEUM CORP LT,CHENNPETRO-EQ
PRUDENTIAL SUGAR CORPORAT,PRUDMOULI-EQ
GRAVITA INDIA LIMITED,GRAVITA-EQ
BARODABNP - BBNPPGOLD,BBNPPGOLD-EQ
DOMS INDUSTRIES LIMITED,DOMS-EQ
INDIA SHELTER FIN CORP L,INDIASHLTR-EQ
HOME FIRST FIN CO IND LTD,HOMEFIRST-EQ
DOLLAR INDUSTRIES LIMITED,DOLLAR-EQ
INOX INDIA LIMITED,INOXINDIA-EQ
SUPERHOUSE LIMITED,SUPERHOUSE-EQ
PENNAR INDUSTRIES LTD,PENIND-EQ
JINDAL WORLDWIDE LTD,JINDWORLD-EQ
S CHAND AND COMPANY LTD,SCHAND-EQ
VARDHMAN TEXTILES LIMITED,VTL-EQ
BHAGYANAGAR INDIA LIMITED,BHAGYANGR-EQ
JAMNA AUTO IND LTD,JAMNAAUTO-EQ
MOTISONS JEWELLERS LTD,MOTISONS-EQ
SURAJ ESTATE DEVELOPERS L,SURAJEST-EQ
HSG & URBAN DEV CORPN LTD,HUDCO-EQ
MOIL LIMITED,MOIL-EQ
MUTHOOT MICROFIN LIMITED,MUTHOOTMF-EQ
MAHARASHTRA SCOOTERS LTD,MAHSCOOTER-EQ
HAPPY FORGINGS LIMITED,HAPPYFORGE-EQ
PSP PROJECTS LIMITED,PSPPROJECT-EQ
CREDO BRANDS MARKETING L,MUFTI-EQ
MAHARASHTRA SEAMLESS LTD,MAHSEAMLES-EQ
AZAD ENGINEERING LIMITED,AZAD-EQ
KIRLOSKAR OIL ENG LTD,KIRLOSENG-EQ
RAVI KUMAR DIST. LTD.,RKDL-EQ
SUNDARAM CLAYTON LIMITED,SUNCLAY-EQ
PUNJAB & SIND BANK,PSB-EQ
MANGALAM CEMENT LTD,MANGLMCEM-EQ
INNOVA CAPTAB LIMITED,INNOVACAP-EQ
STOVE KRAFT LIMITED,STOVEKRAFT-EQ
SURANA SOLAR LIMITED,SURANASOL-EQ
STAR CEMENT LIMITED,STARCEMENT-EQ
BF INVESTMENT LIMITED,BFINVEST-EQ
KALYANI INVEST CO LTD,KICL-EQ
MARAL OVERSEAS LTD,MARALOVER-EQ
TEJAS NETWORKS LIMITED,TEJASNET-EQ
ERIS LIFESCIENCES LIMITED,ERIS-EQ
CENTRAL DEPO SER (I) LTD,CDSL-EQ
GTPL HATHWAY LIMITED,GTPL-EQ
ASHOK LEYLAND LTD,ASHOKLEY-EQ
AU SMALL FINANCE BANK LTD,AUBANK-EQ
MASTEK LTD,MASTEK-EQ
DIGIDRIVE DISTRIBUTORS L,DIGIDRIVE-EQ
SUMMIT SECURITIES LTD,SUMMITSEC-EQ
DYNEMIC PRODUCTS LIMITED,DYNPRO-EQ
JYOTI CNC AUTOMATION LTD,JYOTICNC-EQ
STEEL EXCHANGE INDIA LTD,STEELXIND-EQ
SALASAR TECHNO ENGG. LTD.,SALASAR-EQ
PALASH SECURITIES LTD,PALASHSECU-EQ
MAGADH SUGAR & ENERGY LTD,MAGADSUGAR-EQ
GANGES SECURITIES LIMITED,GANGESSECU-EQ
TATAAML-TATAGOLD,TATAGOLD-EQ
AVADH SUG & ENERGY LTD,AVADHSUGAR-EQ
MAX FINANCIAL SERV LTD,MFSL-EQ
THE INVEST TRUST OF IND L,THEINVEST-EQ
TATAAML-TATSILV,TATSILV-EQ
BHARAT DYNAMICS LIMITED,BDL-EQ
OPTIEMUS INFRACOM LTD,OPTIEMUS-EQ
STEL HOLDINGS LIMITED,STEL-EQ
SIS LIMITED,SIS-EQ
COCHIN SHIPYARD LIMITED,COCHINSHIP-EQ
SMS LIFESCIENCES (I) LTD,SMSLIFE-EQ
COMMERCIAL SYN BAGS LTD,COMSYN-EQ
ADITYA BIRLA CAPITAL LTD.,ABCAPITAL-EQ
APEX FROZEN FOODS LIMITED,APEX-EQ
DIXON TECHNO (INDIA) LTD,DIXON-EQ
MEDI ASSIST HEALTH SER L,MEDIASSIST-EQ
MATRIMONY.COM LIMITED,MATRIMONY-EQ
CHOLAMANDALAM FIN HOL LTD,CHOLAHLDNG-EQ
CAPACITE INFRAPROJECT LTD,CAPACITE-EQ
AKG EXIM LIMITED,AKG-EQ
ICICI LOMBARD GIC LIMITED,ICICIGI-EQ
DAVANGERE SUGAR COMPANY L,DAVANGERE-EQ
SBI LIFE INSURANCE CO LTD,SBILIFE-EQ
BOSCH LIMITED,BOSCHLTD-EQ
TEXMACO RAIL & ENG. LTD.,TEXRAIL-EQ
SUNDARAM FINANCE HOLD LTD,SUNDARMHLD-EQ
PRATAAP SNACKS LIMITED,DIAMONDYD-EQ
HFCL LIMITED,HFCL-EQ
IND TERRAIN FASHIONS LTD,INDTERRAIN-EQ
ACC LIMITED,ACC-EQ
INDIAN ENERGY EXC LTD,IEX-EQ
DHUNSERI INVESTMENTS LTD,DHUNINV-EQ
NDR AUTO COMPONENTS LTD,NDRAUTO-EQ
WORTH PERIPHERALS LIMITED,WORTH-EQ
MADHAV COPPER LIMITED,MCL-EQ
MAX HEALTHCARE INS LTD,MAXHEALTH-EQ
MODERN THREADS INDIA LTD,MODTHREAD-EQ
LOVABLE LINGERIE LTD,LOVABLE-EQ
TOTAL TRANSPORT SYS LTD,TOTAL-EQ
MAX INDIA LIMITED,MAXIND-EQ
EPACK DURABLE LIMITED,EPACK-EQ
NOVA AGRITECH LIMITED,NOVAAGRI-EQ
MOREPEN LAB. LTD,MOREPENLAB-EQ
PTC INDIA FIN SERV LTD,PFS-EQ
BANDHAN BANK LIMITED,BANDHANBNK-EQ
PARKHOTELS,PARKHOTELS-EQ
SIGNPOST INDIA LIMITED,SIGNPOST-EQ
JANA SMALL FIN BANK LTD,JSFB-EQ
RASHI PERIPHERALS LIMITED,RPTECH-EQ
CAPITAL SMALL FIN BANK L,CAPITALSFB-EQ
MOTOR & GENERAL FINANCE L,MOTOGENFIN-EQ
ENTERO HEALTHCARE SOLU L,ENTERO-EQ
VIBHOR STEEL TUBES LTD,VSTL-EQ
IRIS CLOTHINGS LIMITED,IRISDOREME-EQ
MRF LTD,MRF-EQ
JUNIPER HOTELS LIMITED,JUNIPER-EQ
MRPL,MRPL-EQ
GPT HEALTHCARE LIMITED,GPTHEALTH-EQ
HLE GLASCOAT LIMITED,HLEGLAS-EQ
PLATINUM INDUSTRIES LTD,PLATIND-EQ
MAHANAGAR TELEPHONE NIGAM,MTNL-EQ
EXICOM TELE SYSTEMS LTD,EXICOM-EQ
MUKKA PROTEINS LIMITED,MUKKA-EQ
LANCOR HOLDINGS LIMITED,LANCORHOL-EQ
HINDUSTAN AERONAUTICS LTD,HAL-EQ
R K SWAMY LIMITED,RKSWAMY-EQ
J.G.CHEMICALS LIMITED,JGCHEM-EQ
GOPAL SNACKS LIMITED,GOPAL-EQ
MUNJAL SHOWA LTD,MUNJALSHOW-EQ
SHIPPING CORP OF ILA LTD,SCILAL-EQ
MURUDESHWAR CERAMICS LTD,MURUDCERA-EQ
POPULAR VEHICLES N SER L,PVSL-EQ
HEIDELBERGCEMENT (I) LTD,HEIDELBERG-EQ
NCC LIMITED,NCC-EQ
SMC GLOBAL SECURITIES LTD,SMCGLOBAL-EQ
JAYASWAL NECO INDUSTR LTD,JAYNECOIND-EQ
SRM CONTRACTORS LIMITED,SRM-EQ
SINCLAIRS HOTELS LIMITED,SINCLAIR-EQ
BHARTI HEXACOM LIMITED,BHARTIHEXA-EQ
AAKASH EXPLORATION SER L,AAKASH-EQ
KBC GLOBAL LIMITED,KBCGLOBAL-EQ
AUTHUM INVEST & INFRA LTD,AIIL-EQ
GLOSTER LIMITED,GLOSTERLTD-EQ
ASIAN PAINTS LIMITED,ASIANPAINT-EQ
JNK INDIA LIMITED,JNKINDIA-EQ
MUTHOOT FINANCE LIMITED,MUTHOOTFIN-EQ
INDEGENE LIMITED,INDGN-EQ
AADHAR HOUSING FINANCE L,AADHARHFC-EQ
TBO TEK LIMITED,TBOTEK-EQ
GO DIGIT GENERAL INS LTD,GODIGIT-EQ
NAVNEET EDUCATION LTD,NAVNETEDUL-EQ
AWFIS SPACE SOLUTIONS LTD,AWFIS-EQ
NELCO LTD,NELCO-EQ
SANDHAR TECHNOLOGIES LTD,SANDHAR-EQ
BOROSIL SCIENTIFIC LTD,BOROSCI-EQ
KRONOX LAB SCIENCES LTD,KRONOX-EQ
NEULAND LAB LTD.,NEULANDLAB-EQ
LE TRAVENUES TECHNOLOGY L,IXIGO-EQ
PIRAMAL ENTERPRISES LTD,PEL-EQ
JHS SVENDGAARD RETAIL V L,RETAIL-EQ
DEE DEVELOPMENT ENG LTD,DEEDEV-EQ
AKME FINTRADE (INDIA) LTD,AFIL-EQ
PI INDUSTRIES LTD,PIIND-EQ
SYMPHONY LIMITED,SYMPHONY-EQ
VADILAL INDUSTRIES LTD,VADILALIND-EQ
NILKAMAL LIMITED,NILKAMAL-EQ
RELAXO FOOT LTD.,RELAXO-EQ
STANLEY LIFESTYLES LTD,STANLEY-EQ
OM INFRA LIMITED,OMINFRAL-EQ
ESTER INDUSTRIES LTD,ESTER-EQ
VST TILLERS TRACTORS LTD,VSTTILLERS-EQ
ALLIED BLEND N DISTILS L,ABDL-EQ
RAILTEL CORP OF IND LTD,RAILTEL-EQ
VRAJ IRON AND STEEL LTD,VRAJ-EQ
SHRIRAM - LIQUIDSHRI,LIQUIDSHRI-EQ
RELIABLE DATA SERVICE LTD,RELIABLE-EQ
KARMA ENERGY LIMITED,KARMAENG-EQ
BANSAL WIRE INDUSTRIES L,BANSALWIRE-EQ
NK INDUSTRIES LTD,NKIND-EQ
DELPHI WORLD MONEY LTD,DELPHIFX-EQ
EMCURE PHARMACEUTICALS L,EMCURE-EQ
ASHIANA HOUSING LTD,ASHIANA-EQ
DHANUKA AGRITECH LTD,DHANUKA-EQ
NOCIL LIMITED,NOCIL-EQ
AGI INFRA LIMITED,AGIIL-EQ
FILATEX INDIA LTD,FILATEX-EQ
MAITHAN ALLOYS LTD,MAITHANALL-EQ
SANSTAR LIMITED,SANSTAR-EQ
RUSHIL DECOR LIMITED,RUSHIL-EQ
AVANTEL LIMITED,AVANTEL-EQ
MISHRA DHATU NIGAM LTD,MIDHANI-EQ
AKUMS DRUGS AND PHARMA L,AKUMS-EQ
OIL COUNTRY TUBULAR LTD,OILCOUNTUB-EQ
RUBFILA INTERNATIONAL LTD,RUBFILA-EQ
RAGHAV PRODUCTIVITY ENH L,RPEL-EQ
CEIGALL INDIA LIMITED,CEIGALL-EQ
OIL AND NATURAL GAS CORP.,ONGC-EQ
OLA ELECTRIC MOBILITY LTD,OLAELEC-EQ
UNICOMMERCE ESOLUTIONS L,UNIECOM-EQ
ONWARD TECHNOLOGIES LTD,ONWARDTEC-EQ
MANGAL CREDIT N FINCORP L,MANCREDIT-EQ
SARASWATI SAREE DEPOT LTD,SSDL-EQ
INVENTURE GRO & SEC LTD,INVENTURE-EQ
ORIENT HOTELS LTD,ORIENTHOT-EQ
L&T FINANCE LIMITED,LTF-EQ
ORIENT PAPER AND INDS LTD,ORIENTPPR-EQ
ORIENT TECHNOLOGIES LTD,ORIENTTECH-EQ
SURAJ LIMITED,SURAJLTD-EQ
WINDSOR MACHINES LIMITED,WINDMACHIN-EQ
ADANI ENTERPRISES LIMITED,ADANIENT-EQ
BODAL CHEMICALS LTD,BODALCHEM-EQ
PREMIER ENERGIES LIMITED,PREMIERENE-EQ
ECOS (INDIA) MOB & HOSP L,ECOSMOBLTY-EQ
RAYMOND LIFESTYLE LIMITED,RAYMONDLSL-EQ
BAAZAR STYLE RETAIL LTD,STYLEBAAZA-EQ
BCL INDUSTRIES LIMITED,BCLIND-EQ
GALA PRECISION ENG LTD,GALAPREC-EQ
OSWAL AGRO MILLS LTD,OSWALAGRO-EQ
EUREKA FORBES LIMITED,EUREKAFORB-EQ
TD POWER SYSTEMS LTD.,TDPOWERSYS-EQ
SHREE TIRUPATI BALAJEE L,BALAJEE-EQ
SANOFI CONS HEALTHC IND L,SANOFICONR-EQ
XTGLOBAL INFOTECH LIMITED,XTGLOBAL-EQ
KROSS LIMITED,KROSS-EQ
TOLINS TYRES LIMITED,TOLINS-EQ
BAJAJ HOUSING FINANCE LTD,BAJAJHFL-EQ
P N GADGIL JEWELLERS LTD,PNGJL-EQ
ALEMBIC PHARMA LTD,APLLTD-EQ
VASWANI IND LTD,VASWANI-EQ
P&G HYGIENE & HEALTH CARE,PGHH-EQ
PG ELECTROPLAST LTD,PGEL-EQ
PANAMA PETROCHEM LTD,PANAMAPET-EQ
ARKADE DEVELOPERS LIMITED,ARKADE-EQ
WESTERN CARRIERS (IND) L,WCIL-EQ
NORTHERN ARC CAPITAL LTD,NORTHARC-EQ
PAISALO DIGITAL LIMITED,PAISALO-EQ
ONELIFE CAP ADVISORS LTD,ONELIFECAP-EQ
NIRAJ CEMENT STRUC LTD,NIRAJ-EQ
INDO US BIOTECH LTD,INDOUS-EQ
SHAKTI PUMPS (I) LTD,SHAKTIPUMP-EQ
TRIVENI TURBINE LIMITED,TRITURBINE-EQ
MANBA FINANCE LIMITED,MANBA-EQ
HUHTAMAKI INDIA LIMITED,HUHTAMAKI-EQ
U. Y. FINCORP LIMITED,UYFINCORP-EQ
KRN HEAT EXCHANGE N REF L,KRN-EQ
DIFFUSION ENGINEERS LTD,DIFFNKG-EQ
JAIN DVR EQUITY SHARES,JISLDVREQS-EQ
DYNACONS SYS & SOLN LTD,DSSL-EQ
POLY MEDICURE LIMITED,POLYMED-EQ
RUPA & COMPANY LTD,RUPA-EQ
SHANKAR LAL RAMPAL LTD,SRD-EQ
VIKAS ECOTECH LIMITED,VIKASECO-EQ
APL APOLLO TUBES LTD,APLAPOLLO-EQ
KANANI INDUSTRIES LTD,KANANIIND-EQ
GARUDA CONSTRUCT N ENG L,GARUDA-EQ
LLOYDS ENTERPRISES LTD,LLOYDSENT-EQ
VINTAGE COFFEE N BVRGS L,VINCOFE-EQ
HYUNDAI MOTOR INDIA LTD,HYUNDAI-EQ
AFFORD ROBO & AUTO LTD,AFFORDABLE-EQ
DEEPAK BUILDERS & ENG I L,DBEIL-EQ
MINDA CORPORATION LTD,MINDACORP-EQ
WAAREE ENERGIES LIMITED,WAAREEENER-EQ
3P LAND HOLDINGS LIMITED,3PLAND-EQ
AFCONS INFRASTRUCTURE LTD,AFCONS-EQ
AMJ LAND HOLDINGS LIMITED,AMJLAND-EQ
ADITYA VISION LIMITED,AVL-EQ
LEMON TREE HOTELS LTD,LEMONTREE-EQ
PEARL POLYMERS LTD,PEARLPOLY-EQ
SEAMEC LIMITED,SEAMECLTD-EQ
ATUL LTD,ATUL-EQ
PFIZER LTD,PFIZER-EQ
PCBL CHEMICAL LIMITED,PCBL-EQ
PIDILITE INDUSTRIES LTD,PIDILITIND-EQ
POLYPLEX CORPORATION LTD,POLYPLEX-EQ
CHEMCON SPECIAL CHEM LTD,CHEMCON-EQ
HEXA TRADEX LIMITED,HEXATRADEX-EQ
TRIB BHIMJI ZAVERI LTD,TBZ-EQ
MASTER TRUST LIMITED,MASTERTR-EQ
PRAJ INDUSTRIES LTD,PRAJIND-EQ
SAGILITY INDIA LIMITED,SAGILITY-EQ
ACME SOLAR HOLDINGS LTD,ACMESOLAR-EQ
SWIGGY LIMITED,SWIGGY-EQ
VARDHMAN SPC STEEL LTD,VSSL-EQ
K.P. ENERGY LIMITED,KPEL-EQ
PRAKASH INDUSTRIES LTD,PRAKASH-EQ
KNOWLEDGE MARINE & EN W L,KMEW-EQ
MTAR TECHNOLOGIES LIMITED,MTARTECH-EQ
SWAN ENERGY LIMITED,SWANENERGY-EQ
NIVA BUPA HEALTH INS CO L,NIVABUPA-EQ
SPECIALITY REST LTD,SPECIALITY-EQ
PRECOT LIMITED,PRECOT-EQ
ZINKA LOGISTICS SOL LTD,BLACKBUCK-EQ
BTRFLY GANDHI APPL LTD,BUTTERFLY-EQ
CINELINE INDIA LIMITED,CINELINE-EQ
PRECISION WIRES INDIA LTD,PRECWIRE-EQ
RACL GEARTECH LIMITED,RACLGEAR-EQ
NTPC GREEN ENERGY LIMITED,NTPCGREEN-EQ
ENVIRO INFRA ENGINEERS L,EIEL-EQ
RATTANINDIA ENT LIMITED,RTNINDIA-EQ
SAMPANN UTPADAN INDIA LTD,SAMPANN-EQ
SURAKSHA DIAGNOSTIC LTD,SURAKSHA-EQ
PRISM JOHNSON LIMITED,PRSMJOHNSN-EQ
AUROBINDO PHARMA LTD,AUROPHARMA-EQ
GENERAL INS CORP OF INDIA,GICRE-EQ
INNOVANA THINKLABS LTD,INNOVANA-EQ
AUTOMOTIVE AXLES LIMITED,AUTOAXLES-EQ
JUBILANT INGREVIA LIMITED,JUBLINGREA-EQ
SAI LIFE SCIENCES LIMITED,SAILIFE-EQ
EASY TRIP PLANNERS LTD,EASEMYTRIP-EQ
RSWM LIMITED,RSWM-EQ
VISHAL MEGA MART LIMITED,VMM-EQ
CHEMFAB ALKALIS LIMITED,CHEMFAB-EQ
ONE MOBIKWIK SYSTEMS LTD,MOBIKWIK-EQ
RAJSHREE SUGAR & CHEMICAL,RAJSREESUG-EQ
INVENTURUS KNOWLEDGE SO L,IKS-EQ
ARVEE LABORATORIES I LTD,ARVEE-EQ
RALLIS INDIA LTD,RALLIS-EQ
ANUPAM RASAYAN INDIA LTD,ANURAS-EQ
ANUH PHARMA LIMITED,ANUHPHR-EQ
RANA SUGARS LTD.,RANASUG-EQ
INTERNATIO GEMM INS (I) L,IGIL-EQ
LAXMI ORGANIC INDUS LTD,LXCHEM-EQ
RANE HOLDINGS LIMITED,RANEHOLDIN-EQ
CRAFTSMAN AUTOMATION LTD,CRAFTSMAN-EQ
RAYMOND LTD,RAYMOND-EQ
RASHTRIYA CHEMICALS & FER,RCF-EQ
HI-TECH PIPES LIMITED,HITECH-EQ
MAMATA MACHINERY LIMITED,MAMATA-EQ
TRANSRAIL LIGHTING LTD,TRANSRAILL-EQ
CONCORD ENVIRO SYSTEMS L,CEWATER-EQ
SANATHAN TEXTILES LIMITED,SANATHAN-EQ
VENTIVE HOSPITALITY LTD,VENTIVE-EQ
RELIANCE INDUSTRIES LTD,RELIANCE-EQ
PROZONE REALTY LIMITED,PROZONER-EQ
CARRARO INDIA LIMITED,CARRARO-EQ
SENORES PHARMACEUTICALS L,SENORES-EQ
MAYUR UNIQUOTERS LTD,MAYURUNIQ-EQ
ROSSELL INDIA LIMITED,ROSSELLIND-EQ
DUCON INFRATECHNOLOGIES L,DUCON-EQ
TVS HOLDINGS LIMITED,TVSHLTD-EQ
ZUARI AGRO CHEMICALS LTD,ZUARI-EQ
QUADRANT FUTURE TEK LTD,QUADFUTURE-EQ
RICO AUTO INDUSTRIES LTD,RICOAUTO-EQ
DDEV PLASTIKS IND LTD,DDEVPLSTIK-EQ
CARE RATINGS LIMITED,CARERATING-EQ
RELIANCE INDUSTRIAL INFRA,RIIL-EQ
PC JEWELLER LTD,PCJEWELLER-EQ
INDUS TOWERS LIMITED,INDUSTOWER-EQ
NAVKAR URBANSTRUCTURE LTD,NAVKARURB-EQ
LAXMI DENTAL LIMITED,LAXMIDENTL-EQ
ONESOURCE SPECL PHARMA L,ONESOURCE-EQ
ITC HOTELS LIMITED,ITCHOTELS-EQ
DENTA WATER N INFRA SOL L,DENTA-EQ
VMART RETAIL LTD,VMART-EQ
THE RUBY MILLS LTD,RUBYMILLS-EQ
MOHIT INDUSTRIES LTD,MOHITIND-EQ
SUPREME HOLDIN N HOSP I L,SUPREME-EQ
DR AGARWALS HEALTH CARE L,AGARWALEYE-EQ
MOSCHIP TECHNOLOGIES LTD,MOSCHIP-EQ
PROTEAN EGOV TECHNO LTD,PROTEAN-EQ
MAGELLANIC CLOUD LIMITED,MCLOUD-EQ
NIBE LIMITED,NIBE-EQ
KALYAN JEWELLERS IND LTD,KALYANKJIL-EQ
NATURAL CAPSULES LIMITED,NATCAPSUQ-EQ
JUBILANT AGRI N CON PRO L,JUBLCPL-EQ
REPCO HOME FINANCE LTD,REPCOHOME-EQ
AJAX ENGINEERING LIMITED,AJAXENGG-EQ
STEEL AUTHORITY OF INDIA,SAIL-EQ
HEXAWARE TECHNOLOGIES LTD,HEXT-EQ
INDEF MANUFACTURING LTD,BAJAJINDEF-EQ
SAKTHI SUGARS LTD,SAKHTISUG-EQ
SURYODAY SMALL FIN BK LTD,SURYODAY-EQ
ORIENT ELECTRIC LIMITED,ORIENTELEC-EQ
GUJARAT THEMIS BIOSYN LTD,GUJTHEM-EQ
NAZARA TECHNOLOGIES LTD,NAZARA-EQ
VISAGAR POLYTEX LTD,VIVIDHA-EQ
SANDESH LTD,SANDESH-EQ
JUSTDIAL LTD.,JUSTDIAL-EQ
SANGHI INDUSTRIES LTD,SANGHIIND-EQ
WONDERLA HOLIDAYS LTD.,WONDERLA-EQ
ATUL AUTO LIMITED,ATULAUTO-EQ
ORIENT CEMENT LTD.,ORIENTCEM-EQ
KOHINOOR FOODS LIMITED,KOHINOOR-EQ
ADITYA BIRLA FASHION & RT,ABFRL-EQ
SAMMAAN CAPITAL LIMITED,SAMMAANCAP-EQ
PRABHA ENERGY LIMITED,PRABHA-EQ
SAURASHTRA CEMENT LIMITED,SAURASHCEM-EQ
SAVITA OIL TECHNOLO. LTD,SOTL-EQ
JINDAL SAW LIMITED,JINDALSAW-EQ
ISHAN DYES N CHEMICALS L,ISHANCH-EQ
INTEGRA ESSENTIA LIMITED,ESSENTIA-EQ
STATE BANK OF INDIA,SBIN-EQ
SPECTRUM ELECTRIC IND LTD,SPECTRUM-EQ
SHIPPING CORP OF INDIA LT,SCI-EQ
BAJAJ HOLDINGS & INVS LTD,BAJAJHLDNG-EQ
VEDANTA LIMITED,VEDL-EQ
SESHASAYEE PAPER & BOARDS,SESHAPAPER-EQ
SHANTHI GEARS LTD,SHANTIGEAR-EQ
BAJAJ HINDUSTHAN SUGAR LT,BAJAJHIND-EQ
INDOSTAR CAPITAL FIN LTD,INDOSTAR-EQ
SHREE DIGVIJAY CEM CO LTD,SHREDIGCEM-EQ
THOMAS SCOTT (INDIA) LTD,THOMASCOTT-EQ
SHREE CEMENT LIMITED,SHREECEM-EQ
DB (INT) STOCK BROKERS,DBSTOCKBRO-EQ
COMPUCOM SOFTWARE LTD,COMPUSOFT-EQ
RHI MAGNESITA INDIA LTD,RHIM-EQ
MULTI COMMODITY EXCHANGE,MCX-EQ
TUBE INVEST OF INDIA LTD,TIINDIA-EQ
NANDAN DENIM LIMITED,NDL-EQ
BARBEQUE NATION HOSP. LTD,BARBEQUE-EQ
TRANSWORLD SHIP LINES LTD,TRANSWORLD-EQ
HONDA I POWER PRODUCT LTD,HONDAPOWER-EQ
NBCC (INDIA) LIMITED,NBCC-EQ
ORBIT EXPORTS LIMITED,ORBTEXP-EQ
BOROSIL RENEWABLES LTD,BORORENEW-EQ
SIEMENS LTD,SIEMENS-EQ
JIND POL INV & FIN CO LTD,JPOLYINVST-EQ
SIMPLEX INFRASTRUCTURES L,SIMPLEXINF-EQ
BAJAJ FINANCE LIMITED,BAJFINANCE-EQ
SREELEATHERS LIMITED,SREEL-EQ
SKF INDIA LTD,SKFINDIA-EQ
MACROTECH DEVELOPERS LTD,LODHA-EQ
JTEKT INDIA LIMITED,JTEKTINDIA-EQ
ANGEL ONE LIMITED,ANGELONE-EQ
NITIRAJ ENGINEERS LTD,NITIRAJ-EQ
SPIC LTD,SPIC-EQ
SRF LTD,SRF-EQ
STAR PAPER MILLS LTD,STARPAPER-EQ
DEEP INDUSTRIES LIMITED,DEEPINDS-EQ
MODISON LIMITED,MODISONLTD-EQ
SPML INFRA LIMITED,SPMLINFRA-EQ
SUBROS LIMITED,SUBROS-EQ
SUDARSHAN CHEMICAL INDS L,SUDARSCHEM-EQ
ISGEC HEAVY ENG LTD,ISGEC-EQ
SUNDARAM FINANCE LTD,SUNDARMFIN-EQ
SUNDRAM FASTENERS LTD,SUNDRMFAST-EQ
SUNFLAG IRON AND STEEL CO,SUNFLAG-EQ
BALKRISHNA IND. LTD,BALKRISIND-EQ
SUN PHARMACEUTICAL IND L,SUNPHARMA-EQ
SUPER SPINNING MILLS LTD,SUPERSPIN-EQ
SUPREME INDUSTRIES LTD,SUPREMEIND-EQ
SURYA ROSHNI LTD,SURYAROSNI-EQ
BALMER LAWRIE & CO LTD,BALMLAWRIE-EQ
SWARAJ ENGINES LTD,SWARAJENG-EQ
SML ISUZU LIMITED,SMLISUZU-EQ
AGARWAL INDS CORP LTD.,AGARIND-EQ
TAINWALA CHEMICAL AND PLA,TAINWALCHM-EQ
ADOR WELDING LTD,ADOR-EQ
AJOONI BIOTECH LIMITED,AJOONI-EQ
TATA CHEMICALS LTD,TATACHEM-EQ
TATA ELXSI LIMITED,TATAELXSI-EQ
HONEYWELL AUTOMATION IND,HONAUT-EQ
COMPUTER AGE MNGT SER LTD,CAMS-EQ
TATA POWER CO LTD,TATAPOWER-EQ
TATA CONSUMER PRODUCT LTD,TATACONSUM-EQ
TATA MOTORS LIMITED,TATAMOTORS-EQ
TOURISM FINANCE CORP. OF,TFCILTD-EQ
BANARAS BEADS LTD,BANARBEADS-EQ
THERMAX LTD,THERMAX-EQ
THOMAS COOK (INDIA) LTD,THOMASCOOK-EQ
CHAMAN LAL SETIA EXP LTD,CLSEL-EQ
THIRUMALAI CHEMICALS LTD,TIRUMALCHM-EQ
TATA STEEL LIMITED,TATASTEEL-EQ
BANNARI AMMAN SUGARS LTD,BANARISUG-EQ
TITAN COMPANY LIMITED,TITAN-EQ
TAMILNADU PETROPRODUCTS L,TNPETRO-EQ
TAMILNADU TELECOMMUNICATI,TNTELE-EQ
TORRENT PHARMACEUTICALS L,TORNTPHARM-EQ
TTK PRESTIGE LTD,TTKPRESTIG-EQ
ADANI GREEN ENERGY LTD,ADANIGREEN-EQ
NIPPON L I A M LTD,NAM-INDIA-EQ
UCAL LIMITED,UCAL-EQ
UNICHEM LABORATORIES LTD,UNICHEMLAB-EQ
MOKSH ORNAMENTS LIMITED,MOKSH-EQ
RAJ OIL MILLS LIMITED,ROML-EQ
UNIVERSAL CABLES LTD,UNIVCABLES-EQ
JUBILANT PHARMOVA LTD,JUBLPHARMA-EQ
VARDHMAN POLYTEX LTD.,VARDMNPOLY-EQ
SOLARA ACTIVE PHA SCI LTD,SOLARA-EQ
VESUVIUS INDIA LTD,VESUVIUS-EQ
BASF INDIA LTD,BASF-EQ
VINDHYA TELELINKS LTD,VINDHYATEL-EQ
VIP INDUSTRIES LTD,VIPIND-EQ
BATA INDIA LTD,BATAINDIA-EQ
VLS FINANCE LTD,VLSFINANCE-EQ
VOLTAS LTD,VOLTAS-EQ
TATA COMMUNICATIONS LTD,TATACOMM-EQ
VST INDUSTRIES LTD,VSTIND-EQ
ANMOL INDIA LIMITED,ANMOL-EQ
FINE ORGANIC IND. LTD.,FINEORG-EQ
WEIZMANN LTD,WEIZMANIND-EQ
VENKY S (INDIA) LIMITED,VENKEYS-EQ
RITES LIMITED,RITES-EQ
WHEELS INDIA LTD,WHEELS-EQ
WILLIAMSON MAGOR,WILLAMAGOR-EQ
INOX WIND ENERGY LIMITED,IWEL-EQ
WIPRO LTD,WIPRO-EQ
WEST COAST PAPER MILLS LT,WSTCSTPAPR-EQ
BOMBAY BURMAH TRADING COR,BBTC-EQ
SINTERCOM INDIA LIMITED,SINTERCOM-EQ
ZEE ENTERTAINMENT ENT LTD,ZEEL-EQ
ARIHANT CAPITAL MKTS LTD,ARIHANTCAP-EQ
ZODIAC CLOTHING CO. LTD.,ZODIACLOTH-EQ
ZUARI INDUSTRIES LIMITED,ZUARIIND-EQ
BHARAT ELECTRONICS LTD,BEL-EQ
BHARAT RASAYAN LTD,BHARATRAS-EQ
TOKYO PLAST INTL LTD,TOKYOPLAST-EQ
MAHINDRA LOGISTIC LIMITED,MAHLOG-EQ
VARROC ENGINEERING LTD.,VARROC-EQ
SOMANY CERAMICS LIMITED,SOMANYCERA-EQ
HATSUN AGRO PRODUCT LTD.,HATSUN-EQ
CAPLIN POINT LAB LTD.,CAPLIPOINT-EQ
PREMIER POLYFILM LTD,PREMIERPOL-EQ
NATCO PHARMA LTD.,NATCOPHARM-EQ
BEML LIMITED,BEML-EQ
GOCL CORPORATION LIMITED,GOCLCORP-EQ
REMSONS INDUSTRIES LTD,REMSONSIND-EQ
PARAS PETROFILS LTD.,PARASPETRO-EQ
TAMILNADU NEWSPRT & PAPER,TNPL-EQ
GREENPLY INDUSTRIES LTD,GREENPLY-EQ
THE NEW INDIA ASSU CO LTD,NIACL-EQ
21ST CENTURY MGMT SERVICE,21STCENMGM-EQ
AEGIS LOGISTICS LIMITED,AEGISLOG-EQ
CORAL INDIA FIN & HOUS LT,CORALFINAC-EQ
PVP VENTURES LIMITED,PVP-EQ
NAVA LIMITED,NAVA-EQ
BERGER PAINTS (I) LTD,BERGEPAINT-EQ
EIMCO ELECON (INDIA) LTD,EIMCOELECO-EQ
JAYANT AGRO ORGANICS LTD,JAYAGROGN-EQ
PANACEA BIOTEC LTD,PANACEABIO-EQ
CUBEX TUBINGS LTD,CUBEXTUB-EQ
MARICO LIMITED,MARICO-EQ
SIL INVESTMENTS LIMITED,SILINV-EQ
HB STOCKHOLDINGS LIMITED,HBSL-EQ
SAMBHAAV MEDIA LTD,SAMBHAAV-EQ
ZENITH EXPORTS LTD,ZENITHEXPO-EQ
SUNDARAM BRAK LININGS LTD,SUNDRMBRAK-EQ
SANGAM (INDIA) LTD,SANGAMIND-EQ
BHANSALI ENG. POLYMERS LT,BEPL-EQ
SOMA TEXTILES & INDUST LT,SOMATEX-EQ
SAMVRDHNA MTHRSN INTL LTD,MOTHERSON-EQ
BHARAT FORGE LTD,BHARATFORG-EQ
VISAKA INDUSTRIES LIMITED,VISAKAIND-EQ
WENDT (INDIA) LIMITED,WENDT-EQ
BHARAT GEARS LTD.,BHARATGEAR-EQ
DE NORA INDIA LIMITED,DENORA-EQ
STERLING TOOLS LIMITED,STERTOOLS-EQ
SHRIRAM FINANCE LIMITED,SHRIRAMFIN-EQ
PUNJAB CHEM & CROP PROT L,PUNJABCHEM-EQ
IFGL REFRACTORIES LIMITED,IFGLEXPOR-EQ
BHEL,BHEL-EQ
GULF OIL LUB. IND. LTD.,GULFOILLUB-EQ
MIRZA INTERNATIONAL LIMIT,MIRZAINT-EQ
JAGSONPAL PHARMACEUTICALS,JAGSNPHARM-EQ
CREDITACCESS GRAMEEN LTD,CREDITACC-EQ
INDIAN CARD CLOTHING CO.,INDIANCARD-EQ
5PAISA CAPITAL LIMITED,5PAISA-EQ
ELECTROTHERM (I) LTD.,ELECTHERM-EQ
AARTI DRUGS LTD.,AARTIDRUGS-EQ
ALKYL AMINES CHEM. LTD,ALKYLAMINE-EQ
JOHNSON CONTROLS HITACHI,JCHAC-EQ
MPHASIS LIMITED,MPHASIS-EQ
DYNAMATIC TECHNOLOGIES,DYNAMATECH-EQ
KOTHARI PETROCHEM LTD,KOTHARIPET-EQ
HERITAGE FOODS LTD,HERITGFOOD-EQ
SHIVALIK BIMETAL CON. LTD,SBCL-EQ
BANK OF BARODA,BANKBARODA-EQ
HDFC LIFE INS CO LTD,HDFCLIFE-EQ
SONA BLW PRECISION FRGS L,SONACOMS-EQ
SHYAM METALICS AND ENGY L,SHYAMMETL-EQ
OSWAL GREENTECH LIMITED,OSWALGREEN-EQ
GAIL (INDIA) LTD,GAIL-EQ
3M INDIA LIMITED,3MINDIA-EQ
BANK OF INDIA,BANKINDIA-EQ
INDIA NIPPON ELECT  LTD,INDNIPPON-EQ
CONTAINER CORP OF IND LTD,CONCOR-EQ
INDRAPRASTHA MEDICAL CORP,INDRAMEDCO-EQ
BIRLA CABLE LIMITED,BIRLACABLE-EQ
TCI FINANCE LTD,TCIFINANCE-EQ
HAPPIEST MINDS TECHNO LTD,HAPPSTMNDS-EQ
BIRLA CORPORATION LTD,BIRLACORPN-EQ
KCP SUGAR IND CORP LTD.,KCPSUGIND-EQ
DODLA DAIRY LIMITED,DODLA-EQ
SNOWMAN LOGISTICS LTD.,SNOWMAN-EQ
KRISHNA INST OF MED SCI L,KIMS-EQ
IND SWIFT LABORATORIES LT,INDSWFTLAB-EQ
ICE MAKE REFRIGERAT LTD,ICEMAKE-EQ
SAREGAMA INDIA LIMITED,SAREGAMA-EQ
FDC LIMITED,FDC-EQ
ENGINEERS INDIA LTD,ENGINERSIN-EQ
MADRAS FERTILISERS LTD,MADRASFERT-EQ
HINDCON CHEMICALS LIMITED,HINDCON-EQ
INDIA PESTICIDES LIMITED,IPL-EQ
BLUE DART EXPRESS LTD,BLUEDART-EQ
ADROIT INFOTECH LIMITED,ADROITINFO-EQ
GANGA FORGING LIMITED,GANGAFORGE-EQ
ICICI BANK LTD.,ICICIBANK-EQ
IRCON INTERNATIONAL LTD,IRCON-EQ
SHARDA CROPCHEM LTD.,SHARDACROP-EQ
CLEAN SCIENCE & TECH LTD,CLEAN-EQ
G R INFRAPROJECTS LIMITED,GRINFRA-EQ
MAZAGON DOCK SHIPBUIL LTD,MAZDOCK-EQ
ETERNAL LIMITED,ETERNAL-EQ
KPI GREEN ENERGY LIMITED,KPIGREEN-EQ
SYNERGY GREEN IND. LTD,SGIL-EQ
BOMBAY DYEING & MFG. CO L,BOMDYEING-EQ
CIGNITI TECHNOLOGIES LTD,CIGNITITEC-EQ
JAI CORP LIMITED,JAICORPLTD-EQ
TATVA CHIN PHARM CHEM LTD,TATVA-EQ
STYLAM INDUSTRIES LIMITED,STYLAMIND-EQ
ANTARCTICA LTD,ANTGRAPHIC-EQ
GUJARAT MINERAL DEV CORP,GMDCLTD-EQ
MAHA RASHTRA APEX COPR. L,MAHAPEXLTD-EQ
INDUSIND BANK LIMITED,INDUSINDBK-EQ
BHARAT PETROLEUM CORP  LT,BPCL-EQ
PDS LIMITED,PDSL-EQ
ALIVUS LIFE SCIENCES LTD,ALIVUS-EQ
ROLEX RINGS LIMITED,ROLEXRINGS-EQ
PRITIKA AUTO INDUS LTD,PRITIKAUTO-EQ
BPL LTD,BPL-EQ
UGRO CAPITAL LIMITED,UGROCAP-EQ
KRSNAA DIAGNOSTICS LTD,KRSNAA-EQ
WINDLAS BIOTECH LIMITED,WINDLAS-EQ
DEVYANI INTERNATIONAL LTD,DEVYANI-EQ
ASAHI INDIA GLASS LIMITED,ASAHIINDIA-EQ
EPIGRAL LIMITED,EPIGRAL-EQ
AAVAS FINANCIERS LIMITED,AAVAS-EQ
MEGHMANI ORGANICS LIMITED,MOL-EQ
NAKODA GROUP OF IND. LTD,NGIL-EQ
CARTRADE TECH LIMITED,CARTRADE-EQ
NUVOCO VISTAS CORP LTD,NUVOCO-EQ
TRIGYN TECHNOLOGIES LTD,TRIGYN-EQ
CHEMPLAST SANMAR LIMITED,CHEMPLASTS-EQ
BRITANNIA INDUSTRIES LTD,BRITANNIA-EQ
GARDEN REACH SHIP&ENG LTD,GRSE-EQ
YUKEN INDIA LIMITED,YUKEN-EQ
SERVOTECH REN POW SYS LTD,SERVOTECH-EQ
NANDANI CREATION LIMITED,JAIPURKURT-EQ
KOTHARI PRODUCTS LTD,KOTHARIPRO-EQ
ABM INTERNATIONAL LTD,ABMINTLLTD-EQ
ACUTAAS CHEMICALS LIMITED,ACUTAAS-EQ
VIJAYA DIAGNOSTIC CEN LTD,VIJAYA-EQ
INTL CONVEYORS LIMITED,INTLCONV-EQ
ASTRAZENECA PHARMA IND LT,ASTRAZEN-EQ
GANESH BENZOPLAST LIMITED,GANESHBE-EQ
ITD CEMENTATION INDIA LTD,ITDCEM-EQ
J & K BANK LTD.,J&KBANK-EQ
ARCHIES LTD,ARCHIES-EQ
CITY UNION BANK LTD,CUB-EQ
CYIENT LIMITED,CYIENT-EQ
SANSERA ENGINEERING LTD,SANSERA-EQ
LIKHITHA INFRASTRUC LTD,LIKHITHA-EQ
CAN FIN HOMES LTD,CANFINHOME-EQ
LAGNAM SPINTEX LIMITED,LAGNAM-EQ
AXIS BANK LIMITED,AXISBANK-EQ
PARAS DEF AND SPCE TECH L,PARAS-EQ
GRAPHITE INDIA LTD,GRAPHITE-EQ
INTELLECT DESIGN ARENA,INTELLECT-EQ
MONTE CARLO FASHIONS LTD.,MONTECARLO-EQ
THE SOUTH INDIAN BANK LTD,SOUTHBANK-EQ
CARBORUNDUM UNIVERSAL LTD,CARBORUNIV-EQ
COASTAL CORPORATION LTD,COASTCORP-EQ
EURO (I) FRESH FOODS LTD,EIFFL-EQ
PASUPATI ACRYLON LIMITED,PASUPTAC-EQ
ADANI TOTAL GAS LIMITED,ATGL-EQ
AIRO LAM LIMITED,AIROLAM-EQ
GOODLUCK INDIA LIMITED,GOODLUCK-EQ
BHAGIRADHA CHEM & INDS L,BHAGCHEM-EQ
CENTURY ENKA LTD,CENTENKA-EQ
FINEOTEX CHEMICAL LIMITED,FCL-EQ
SIKKO INDUSTRIES LIMITED,SIKKO-EQ
DHUNSERI TEA & IND. LTD.,DTIL-EQ
3I INFOTECH LIMITED,3IINFOLTD-EQ
ADITYA BIRLA REAL EST LTD,ABREL-EQ
MEDICAMEN BIOTECH LIMITED,MEDICAMEQ-EQ
CESC LTD,CESC-EQ
GULSHAN POLYOLS LIMITED,GULPOLY-EQ
APOLLO SINDOORI HOTEL LTD,APOLSINHOT-EQ
IGARASHI MOTORS INDIA LTD,IGARASHI-EQ
NATIONAL ALUMINIUM CO LTD,NATIONALUM-EQ
CHAMBAL FERTILIZERS LTD,CHAMBLFERT-EQ
COUNTRY CLUB HOSP HOL LTD,CCHHL-EQ
LAMBODHARA TEXTILES LTD.,LAMBODHARA-EQ
DILIGENT MEDIA CORP LTD.,DNAMEDIA-EQ
TECHNO ELEC & ENG CO. LTD,TECHNOE-EQ
IRIS BUSINESS SERV LTD,IRIS-EQ
GRP LIMITED,GRPLTD-EQ
FSN E COMMERCE VENTURES,NYKAA-EQ
LAXMI COTSPIN LIMITED,LAXMICOT-EQ
FINO PAYMENTS BANK LTD,FINOPB-EQ
SONATA SOFTWARE LTD,SONATSOFTW-EQ
GENUS P&B LIMITED,GENUSPAPER-EQ
SJS ENTERPRISES LIMITED,SJS-EQ
PB FINTECH LIMITED,POLICYBZR-EQ
SIGACHI INDUSTRIES LTD,SIGACHI-EQ
FOODS & INNS LIMITED,FOODSIN-EQ
ONE 97 COMMUNICATIONS LTD,PAYTM-EQ
IL&FS INVESTMENT MANAGERS,IVC-EQ
MOLD-TEK PACKAGING LTD,MOLDTKPAC-EQ
SAPPHIRE FOODS INDIA LTD,SAPPHIRE-EQ
JINDAL STEEL & POWER LTD,JINDALSTEL-EQ
EXIDE INDUSTRIES LTD,EXIDEIND-EQ
INDO-NATIONAL LIMITED,NIPPOBATRY-EQ
SBC EXPORTS LIMITED,SBC-EQ
STEELCAST LIMITED,STEELCAS-EQ
LATENT VIEW ANALYTICS LTD,LATENTVIEW-EQ
SARTHAK METALS LIMITED,SMLT-EQ
GREENLAM INDUSTRIES LTD.,GREENLAM-EQ
CHOLAMANDALAM IN & FIN CO,CHOLAFIN-EQ
BAJAJ HEALTHCARE LIMITED,BAJAJHCARE-EQ
VISHNU CHEMICALS LIMITED,VISHNU-EQ
RAJSHREE POLYPACK LTD,RPPL-EQ
CIPLA LTD,CIPLA-EQ
TARSONS PRODUCTS LIMITED,TARSONS-EQ
GANESHA ECOSPHERE LIMITED,GANECOS-EQ
LINC LIMITED,LINC-EQ
MENON BEARINGS LIMITED,MENONBE-EQ
GO FASHION INDIA LTD,GOCOLORS-EQ
DMCC SPECIALITY CHEMICALS,DMCC-EQ
BIRLASOFT LIMITED,BSOFT-EQ
AARTI INDUSTRIES LTD,AARTIIND-EQ
HEMISPHERE PROP IND LTD,HEMIPROP-EQ
SHIVALIK RASAYAN LIMITED,SHIVALIK-EQ
DIC INDIA LIMITED,DICIND-EQ
ASIAN ENERGY SERVICES LTD,ASIANENE-EQ
HESTER BIOSCIENCES LTD,HESTERBIO-EQ
ACCELYA SOLN INDIA LTD,ACCELYA-EQ
SHRADHA INFRAPROJECTS LTD,SHRADHA-EQ
STAR HEALTH & AL INS CO L,STARHEALTH-EQ
TEGA INDUSTRIES LIMITED,TEGA-EQ
JULLUNDUR MOT AGENCY LTD,JMA-EQ
SHALBY LIMITED,SHALBY-EQ
ANAND RATHI WEALTH LTD,ANANDRATHI-EQ
HEUBACH COLORANTS IND LTD,HEUBACHIND-EQ
MIC ELECTRONICS LTD,MICEL-EQ
RATEGAIN TRAVEL TECHN LTD,RATEGAIN-EQ
SHRIRAM PROPERTIES LTD,SHRIRAMPPS-EQ
C.E. INFO SYSTEMS LIMITED,MAPMYINDIA-EQ
HCL TECHNOLOGIES LTD,HCLTECH-EQ
METRO BRANDS LIMITED,METROBRAND-EQ
MEDPLUS HEALTH SERV LTD,MEDPLUS-EQ
UDAIPUR CEMENT WORKS LTD,UDAICEMENT-EQ
JTL INDUSTRIES LIMITED,JTLIND-EQ
DCM SHRIRAM IND LTD,DCMSRIND-EQ
DATA PATTERNS INDIA LTD,DATAPATTNS-EQ
STRIDES PHARMA SCI LTD,STAR-EQ
HP ADHESIVES LIMITED,HPAL-EQ
COROMANDEL INTERNTL. LTD,COROMANDEL-EQ
SUPRIYA LIFESCIENCE LTD,SUPRIYA-EQ
RAJESH EXPORTS LTD,RAJESHEXPO-EQ
GLENMARK PHARMACEUTICALS,GLENMARK-EQ
NILA SPACES LIMITED,NILASPACES-EQ
MAN COAT METAL & IND LTD,MANAKCOAT-EQ
COSMO FIRST LIMITED,COSMOFIRST-EQ
MANAK ALUMINIUM CO. LTD.,MANAKALUCO-EQ
SRI HAVISHA HOSP & INFR L,HAVISHA-EQ
MANAKSIA STEELS LTD,MANAKSTEEL-EQ
WOCKHARDT LIMITED,WOCKPHARMA-EQ
ZEN TECHNOLOGIES LIMITED,ZENTEC-EQ
TREJHARA SOLUTIONS LTD,TREJHARA-EQ
NRB BEARING LIMITED,NRBBEARING-EQ
UNITED POLYFAB GUJ. LTD.,UNITEDPOLY-EQ
CAPITAL INDIA FINANCE LTD,CIFL-EQ
TINNA RUBBER AND INFR LTD,TINNARUBR-EQ
WAAREE RENEWABLE TECH LTD,WAAREERTL-EQ
NETWORK PEOPLE SRV TECH L,NPST-EQ
PRIMO CHEMICALS LIMITED,PRIMO-EQ
CRISIL LTD,CRISIL-EQ
SCHLOSS BANGALORE LIMITED,THELEELA-EQ
RAJOO ENGINEERS LIMITED,RAJOOENG-EQ
BELRISE INDUSTRIES LTD,BELRISE-EQ
AEGIS VOPAK TERMINALS LTD,AEGISVOPAK-EQ
ATHER ENERGY LIMITED,ATHERENERG-EQ
BORANA WEAVES LIMITED,BORANA-EQ
PROSTARM INFO SYSTEMS LTD,PROSTARM-EQ
CG POWER AND IND SOL LTD,CGPOWER-EQ
CMS INFO SYSTEMS LIMITED,CMSINFO-EQ
SHREE RAMA MULTI TECH LTD,SHREERAMA-EQ
IMAGICAAWORLD ENT LTD,IMAGICAA-EQ
MONARCH NETWORTH CAP LTD,MONARCH-EQ
DABUR INDIA LTD,DABUR-EQ
BRAND CONCEPTS LIMITED,BCONCEPTS-EQ
DALMIA BHARAT SUG IN LTD,DALMIASUG-EQ
WONDER ELECTRICALS LTD,WEL-EQ
INOX WIND LIMITED,INOXWIND-EQ
GE POWER INDIA LIMITED,GEPIL-EQ
MAHALAXMI RUBTECH LIMITED,MHLXMIRU-EQ
ALEMBIC LIMITED,ALEMBICLTD-EQ
LAKSHMI FIN IND CORP LTD,LFIC-EQ
ZYDUS LIFESCIENCES LTD,ZYDUSLIFE-EQ
AVANTI FEEDS LIMITED,AVANTIFEED-EQ
MALLCOM (INDIA) LIMITED,MALLCOM-EQ
GARWARE HI-TECH FILMS LTD,GRWRHITECH-EQ
CINEVISTA LIMITED,CINEVISTA-EQ
SHIVA TEXYARN LIMITED,SHIVATEX-EQ
DCM LTD,DCM-EQ
MAHINDRA LIFESPACE DEVLTD,MAHLIFE-EQ
KARNATAKA BANK LIMITED,KTKBANK-EQ
DALMIA BHARAT LIMITED,DALBHARAT-EQ
CROWN LIFTERS LIMITED,CROWN-EQ
BOMBAY SUPER HYBRID SEEDS,BSHSL-EQ
DCM SHRIRAM LIMITED,DCMSHRIRAM-EQ
AWL AGRI BUSINESS LIMITED,AWL-EQ
RPSG VENTURES LIMITED,RPSGVENT-EQ
AJANTA PHARMA LIMITED,AJANTPHARM-EQ
BLB LIMITED,BLBLIMITED-EQ
DEV INFO TECHNOLOGY LTD,DEVIT-EQ
MEGASTAR FOODS LIMITED,MEGASTAR-EQ
FIBERWEB INDIA LIMITED,FIBERWEB-EQ
SPENCER S RETAIL LIMITED,SPENCERS-EQ
VEDANT FASHIONS LIMITED,MANYAVAR-EQ
DCW LTD,DCW-EQ
SAGARDEEP ALLOYS LIMITED,SAGARDEEP-EQ
BANKA BIOLOO LIMITED,BANKA-EQ
SOFTTECH ENGINEERS LTD,SOFTTECH-EQ
DEEPAK FERTILIZERS & PETR,DEEPAKFERT-EQ
PRITI INTERNATIONAL LTD,PRITI-EQ
BLUE STAR LIMITED,BLUESTARCO-EQ
CALIFORNIA SOFTWARE CO LT,CALSOFT-EQ
MITCON CON & ENG SER LTD,MITCON-EQ
XELPMOC DESIGN & TECH LTD,XELPMOC-EQ
TVS MOTOR COMPANY  LTD,TVSMOTOR-EQ
GATEWAY DISTRIPARKS LTD,GATEWAY-EQ
GMR POW AND URBAN INFRA L,GMRP&UI-EQ
CHALET HOTELS LIMITED,CHALET-EQ
DHAMPUR SUGAR MILLS LTD.,DHAMPURSUG-EQ
NLC INDIA LIMITED,NLCINDIA-EQ
AKSH OPTIFIBRE LIMITED,AKSHOPTFBR-EQ
MOTHERSON SUMI WRNG IND L,MSUMI-EQ
INDO BORAX & CHEMICAL LTD,INDOBORAX-EQ
VETO SWITCHGEAR CABLE LTD,VETO-EQ
MUKTA ARTS LIMITED,MUKTAARTS-EQ
VRL LOGISTICS LIMITED,VRLLOG-EQ
SHAILY ENG PLASTICS LTD,SHAILY-EQ
PNB GILTS LIMITED,PNBGILTS-EQ
ORISSA BENGAL CARRIER LTD,OBCL-EQ
SONAM LIMITED,SONAMLTD-EQ
DR. REDDY S LABORATORIES,DRREDDY-EQ
PRIVI SPECIALITY CHE LTD,PRIVISCL-EQ
AVRO INDIA LIMITED,AVROIND-EQ
GUJARAT AMBUJA EXPORTS LT,GAEL-EQ
USHA MARTIN LTD.,USHAMART-EQ
UMA EXPORTS LIMITED,UMAEXPORTS-EQ
CHOICE INTERNATIONAL LTD,CHOICEIN-EQ
VERANDA LEARNING SOL LTD,VERANDA-EQ
E2E NETWORKS LIMITED,E2E-EQ
RITCO LOGISTICS LIMITED,RITCO-EQ
ELDECO HSG & IND LTD.,ELDEHSG-EQ
HARIOM PIPE INDUSTRIES L,HARIOMPIPE-EQ
UMIYA BUILDCON LIMITED,UMIYA-MRO-EQ
THE ANUP ENGINEERING LTD,ANUP-EQ
UFO MOVIEZ INDIA LTD.,UFO-EQ
AGRO PHOS INDIA LIMITED,AGROPHOS-EQ
ROTO PUMPS LIMITED,ROTO-EQ
PIX TRANSMISSIONS LIMITED,PIXTRANS-EQ
EICHER MOTORS LTD,EICHERMOT-EQ
ARVIND FASHIONS LIMITED,ARVINDFASN-EQ
INDO AMINES LIMITED,INDOAMIN-EQ
TIPS MUSIC LIMITED,TIPSMUSIC-EQ
EQUITAS SMALL FIN BNK LTD,EQUITASBNK-EQ
EID PARRY INDIA LTD,EIDPARRY-EQ
EIH LIMITED,EIHOTEL-EQ
TPL PLASTECH LIMITED,TPLPLASTEH-EQ
NILA INFRASTRUCTURES LTD,NILAINFRA-EQ
ORCHID PHARMA LIMITED,ORCHPHARMA-EQ
ELECTROSTEEL CASTINGS LTD,ELECTCAST-EQ
KRITIKA WIRES LIMITED,KRITIKA-EQ
STARTECK FINANCE LIMITED,STARTECK-EQ
STERLITE TECHNOLOGIES LTD,STLTECH-EQ
INDIAN OVERSEAS BANK,IOB-EQ
TAJ GVK HOTELS & RESORTS,TAJGVK-EQ
MSTC LIMITED,MSTCLTD-EQ
D. P. ABHUSHAN LIMITED,DPABHUSHAN-EQ
CAMPUS ACTIVEWEAR LIMITED,CAMPUS-EQ
ELGI EQUIPMENTS LTD,ELGIEQUIP-EQ
PNC INFRATECH LTD.,PNCINFRA-EQ
PROCTER & GAMBLE HEALTH L,PGHL-EQ
RAINBOW CHILDRENS MED LTD,RAINBOW-EQ
SKIPPER LIMITED,SKIPPER-EQ
LIFE INSURA CORP OF INDIA,LICI-EQ
SAKAR HEALTHCARE LIMITED,SAKAR-EQ
ESAB INDIA LTD,ESABINDIA-EQ
RAIL VIKAS NIGAM LIMITED,RVNL-EQ
PRUDENT CORP ADV SER LTD,PRUDENT-EQ
MAHESHWARI LOGISTICS LTD.,MAHESHWARI-EQ
ESCORTS KUBOTA LIMITED,ESCORTS-EQ
METROPOLIS HEALTHCARE LTD,METROPOLIS-EQ
POLYCAB INDIA LIMITED,POLYCAB-EQ
VENUS PIPES & TUBES LTD,VENUSPIPES-EQ
DELHIVERY LIMITED,DELHIVERY-EQ
SUPREME PETROCHEM LIMITED,SPLPETRO-EQ
KHANDWALA SECURITIES LTD,KHANDSE-EQ
RELIANCE CHEMOTEX IND LTD,RELCHEMQ-EQ
MEDICO REMEDIES LIMITED,MEDICO-EQ
HIKAL LIMITED,HIKAL-EQ
SOUTH WEST PINNACLE LTD,SOUTHWEST-EQ
KPIT TECHNOLOGIES LIMITED,KPITTECH-EQ
TRIDENT LIMITED,TRIDENT-EQ
PARADEEP PHOSPHATES LTD,PARADEEP-EQ
ETHOS LIMITED,ETHOSLTD-EQ
EMUDHRA LIMITED,EMUDHRA-EQ
EPL LIMITED,EPL-EQ
AETHER INDUSTRIES LIMITED,AETHER-EQ
HAVELLS INDIA LIMITED,HAVELLS-EQ
WE WIN LIMITED,WEWIN-EQ
NEXT MEDIAWORKS LIMITED,NEXTMEDIA-EQ
AION-TECH SOLUTIONS LTD,GOLDTECH-EQ
CHEVIOT COMPANY LIMITED,CHEVIOT-EQ
SMARTLINK HOLDINGS LTD,SMARTLINK-EQ
AIRAN LIMITED,AIRAN-EQ
AXITA COTTON LIMITED,AXITA-EQ
NEOGEN CHEMICALS LIMITED,NEOGEN-EQ
ALANKIT LIMITED,ALANKIT-EQ
VIKAS LIFECARE LIMITED,VIKASLIFE-EQ
EUROTEX INDUSTRIES LTD,EUROTEXIND-EQ
